0,0
5,0.06783175
10,0.135662879
15,0.203492769
20,0.271320798
25,0.339146346
30,0.406968794
35,0.474787522
40,0.542601909
45,0.610411335
50,0.678215182
55,0.746012827
60,0.813803653
65,0.88158704
70,0.949362366
75,1.017129014
80,1.084886364
85,1.152633795
90,1.22037069
95,1.288096428
100,1.355810391
105,1.423511959
110,1.491200514
115,1.558875438
120,1.626536111
125,1.694181915
130,1.761812231
135,1.829426443
140,1.897023931
145,1.964604078
150,2.032166266
155,2.099709878
160,2.167234297
165,2.234738905
170,2.302223086
175,2.369686222
180,2.437127697
185,2.504546896
190,2.571943202
195,2.639315999
200,2.706664671
205,2.773988604
210,2.841287182
215,2.90855979
220,2.975805814
225,3.043024639
230,3.110215651
235,3.177378237
240,3.244511782
245,3.311615675
250,3.378689301
255,3.445732048
260,3.512743304
265,3.579722457
270,3.646668894
275,3.713582006
280,3.78046118
285,3.847305805
290,3.914115273
295,3.980888971
300,4.047626292
305,4.114326625
310,4.180989361
315,4.247613892
320,4.31419961
325,4.380745907
330,4.447252175
335,4.513717808
340,4.580142198
345,4.64652474
350,4.712864828
355,4.779161856
360,4.845415219
365,4.911624313
370,4.977788534
375,5.043907277
380,5.10997994
385,5.176005921
390,5.241984616
395,5.307915424
400,5.373797743
405,5.439630973
410,5.505414514
415,5.571147764
420,5.636830126
425,5.702460999
430,5.768039786
435,5.833565889
440,5.89903871
445,5.964457653
450,6.029822121
455,6.095131518
460,6.160385249
465,6.22558272
470,6.290723337
475,6.355806505
480,6.420831632
485,6.485798125
490,6.550705393
495,6.615552844
500,6.680339887
505,6.745065934
510,6.809730393
515,6.874332677
520,6.938872196
525,7.003348364
530,7.067760593
535,7.132108297
540,7.19639089
545,7.260607788
550,7.324758405
555,7.388842158
560,7.452858463
565,7.516806739
570,7.580686404
575,7.644496876
580,7.708237574
585,7.77190792
590,7.835507334
595,7.899035238
600,7.962491054
605,8.025874205
610,8.089184115
615,8.152420208
620,8.21558191
625,8.278668647
630,8.341679846
635,8.404614933
640,8.467473337
645,8.530254487
650,8.592957813
655,8.655582745
660,8.718128714
665,8.780595153
670,8.842981495
675,8.905287172
680,8.96751162
685,9.029654273
690,9.091714568
695,9.153691942
700,9.215585831
705,9.277395676
710,9.339120914
715,9.400760986
720,9.462315333
725,9.523783397
730,9.585164621
735,9.646458448
740,9.707664322
745,9.768781689
750,9.829809995
755,9.890748687
760,9.951597212
765,10.01235502
770,10.07302156
775,10.13359629
780,10.19407864
785,10.25446809
790,10.31476407
795,10.37496605
800,10.43507348
805,10.49508582
810,10.55500251
815,10.61482303
820,10.67454683
825,10.73417337
830,10.79370211
835,10.85313251
840,10.91246403
845,10.97169615
850,11.03082832
855,11.08986
860,11.14879068
865,11.2076198
870,11.26634685
875,11.32497129
880,11.3834926
885,11.44191024
890,11.50022369
895,11.55843241
900,11.6165359
905,11.67453362
910,11.73242504
915,11.79020966
920,11.84788693
925,11.90545636
930,11.96291741
935,12.02026957
940,12.07751233
945,12.13464516
950,12.19166756
955,12.248579
960,12.30537898
965,12.36206699
970,12.41864251
975,12.47510504
980,12.53145407
985,12.58768909
990,12.64380959
995,12.69981508
1000,12.75570505
1005,12.81147899
1010,12.8671364
1015,12.92267679
1020,12.97809966
1025,13.03340451
1030,13.08859083
1035,13.14365815
1040,13.19860595
1045,13.25343376
1050,13.30814107
1055,13.3627274
1060,13.41719226
1065,13.47153516
1070,13.52575561
1075,13.57985313
1080,13.63382723
1085,13.68767742
1090,13.74140324
1095,13.79500419
1100,13.84847979
1105,13.90182958
1110,13.95505306
1115,14.00814977
1120,14.06111923
1125,14.11396097
1130,14.16667451
1135,14.21925938
1140,14.27171512
1145,14.32404125
1150,14.37623731
1155,14.42830283
1160,14.48023735
1165,14.5320404
1170,14.58371153
1175,14.63525027
1180,14.68665616
1185,14.73792875
1190,14.78906757
1195,14.84007218
1200,14.89094212
1205,14.94167693
1210,14.99227617
1215,15.04273938
1220,15.09306612
1225,15.14325593
1230,15.19330838
1235,15.24322302
1240,15.2929994
1245,15.34263708
1250,15.39213562
1255,15.44149459
1260,15.49071354
1265,15.53979205
1270,15.58872966
1275,15.63752596
1280,15.6861805
1285,15.73469286
1290,15.7830626
1295,15.83128931
1300,15.87937255
1305,15.92731189
1310,15.97510692
1315,16.02275722
1320,16.07026235
1325,16.1176219
1330,16.16483545
1335,16.2119026
1340,16.25882291
1345,16.30559598
1350,16.35222139
1355,16.39869874
1360,16.44502761
1365,16.49120761
1370,16.53723831
1375,16.58311931
1380,16.62885022
1385,16.67443063
1390,16.71986014
1395,16.76513834
1400,16.81026486
1405,16.85523927
1410,16.9000612
1415,16.94473025
1420,16.98924603
1425,17.03360815
1430,17.07781621
1435,17.12186984
1440,17.16576864
1445,17.20951224
1450,17.25310025
1455,17.29653228
1460,17.33980797
1465,17.38292693
1470,17.42588879
1475,17.46869317
1480,17.5113397
1485,17.553828
1490,17.59615771
1495,17.63832846
1500,17.68033989
1505,17.72219162
1510,17.76388329
1515,17.80541454
1520,17.84678501
1525,17.88799435
1530,17.92904219
1535,17.96992817
1540,18.01065195
1545,18.05121317
1550,18.09161149
1555,18.13184654
1560,18.17191798
1565,18.21182548
1570,18.25156867
1575,18.29114723
1580,18.3305608
1585,18.36980905
1590,18.40889165
1595,18.44780824
1600,18.48655851
1605,18.52514211
1610,18.56355872
1615,18.60180801
1620,18.63988964
1625,18.67780329
1630,18.71554863
1635,18.75312535
1640,18.79053312
1645,18.82777163
1650,18.86484054
1655,18.90173955
1660,18.93846834
1665,18.97502661
1670,19.01141402
1675,19.04763029
1680,19.08367509
1685,19.11954813
1690,19.1552491
1695,19.19077769
1700,19.2261336
1705,19.26131654
1710,19.2963262
1715,19.3311623
1720,19.36582453
1725,19.4003126
1730,19.43462623
1735,19.46876511
1740,19.50272898
1745,19.53651753
1750,19.57013048
1755,19.60356756
1760,19.63682848
1765,19.66991297
1770,19.70282074
1775,19.73555152
1780,19.76810503
1785,19.80048101
1790,19.83267919
1795,19.86469929
1800,19.89654105
1805,19.9282042
1810,19.95968849
1815,19.99099365
1820,20.02211941
1825,20.05306553
1830,20.08383175
1835,20.11441781
1840,20.14482345
1845,20.17504844
1850,20.20509251
1855,20.23495543
1860,20.26463695
1865,20.29413682
1870,20.3234548
1875,20.35259065
1880,20.38154414
1885,20.41031502
1890,20.43890307
1895,20.46730804
1900,20.49552972
1905,20.52356786
1910,20.55142225
1915,20.57909265
1920,20.60657885
1925,20.63388062
1930,20.66099773
1935,20.68792999
1940,20.71467715
1945,20.74123902
1950,20.76761538
1955,20.79380601
1960,20.81981072
1965,20.84562928
1970,20.8712615
1975,20.89670718
1980,20.9219661
1985,20.94703807
1990,20.9719229
1995,20.99662038
2000,21.02113033
2005,21.04545254
2010,21.06958683
2015,21.09353301
2020,21.11729089
2025,21.1408603
2030,21.16424103
2035,21.18743292
2040,21.21043578
2045,21.23324944
2050,21.25587371
2055,21.27830844
2060,21.30055343
2065,21.32260853
2070,21.34447357
2075,21.36614837
2080,21.38763278
2085,21.40892663
2090,21.43002976
2095,21.45094201
2100,21.47166322
2105,21.49219325
2110,21.51253193
2115,21.53267912
2120,21.55263466
2125,21.57239841
2130,21.59197022
2135,21.61134995
2140,21.63053746
2145,21.6495326
2150,21.66833524
2155,21.68694524
2160,21.70536247
2165,21.7235868
2170,21.74161809
2175,21.75945621
2180,21.77710105
2185,21.79455247
2190,21.81181035
2195,21.82887457
2200,21.84574501
2205,21.86242156
2210,21.8789041
2215,21.89519251
2220,21.91128669
2225,21.92718652
2230,21.9428919
2235,21.95840272
2240,21.97371888
2245,21.98884028
2250,22.00376681
2255,22.01849838
2260,22.03303489
2265,22.04737626
2270,22.06152237
2275,22.07547315
2280,22.08922851
2285,22.10278836
2290,22.11615262
2295,22.1293212
2300,22.14229403
2305,22.15507101
2310,22.16765209
2315,22.18003718
2320,22.19222621
2325,22.20421911
2330,22.21601581
2335,22.22761624
2340,22.23902034
2345,22.25022804
2350,22.26123929
2355,22.27205402
2360,22.28267218
2365,22.29309371
2370,22.30331856
2375,22.31334667
2380,22.32317801
2385,22.3328125
2390,22.34225013
2395,22.35149083
2400,22.36053457
2405,22.36938131
2410,22.378031
2415,22.38648362
2420,22.39473913
2425,22.4027975
2430,22.41065869
2435,22.41832269
2440,22.42578945
2445,22.43305897
2450,22.44013121
2455,22.44700615
2460,22.45368379
2465,22.46016409
2470,22.46644705
2475,22.47253265
2480,22.47842088
2485,22.48411174
2490,22.48960522
2495,22.4949013
2500,22.5
2505,22.5049013
2510,22.50960522
2515,22.51411174
2520,22.51842088
2525,22.52253265
2530,22.52644705
2535,22.53016409
2540,22.53368379
2545,22.53700615
2550,22.54013121
2555,22.54305897
2560,22.54578945
2565,22.54832269
2570,22.55065869
2575,22.5527975
2580,22.55473913
2585,22.55648362
2590,22.558031
2595,22.55938131
2600,22.56053457
2605,22.56149083
2610,22.56225013
2615,22.5628125
2620,22.56317801
2625,22.56334667
2630,22.56331856
2635,22.56309371
2640,22.56267218
2645,22.56205402
2650,22.56123929
2655,22.56022804
2660,22.55902034
2665,22.55761624
2670,22.55601581
2675,22.55421911
2680,22.55222621
2685,22.55003718
2690,22.54765209
2695,22.54507101
2700,22.54229403
2705,22.5393212
2710,22.53615262
2715,22.53278836
2720,22.52922851
2725,22.52547315
2730,22.52152237
2735,22.51737626
2740,22.51303489
2745,22.50849838
2750,22.50376681
2755,22.49884028
2760,22.49371888
2765,22.48840272
2770,22.4828919
2775,22.47718652
2780,22.47128669
2785,22.46519251
2790,22.4589041
2795,22.45242156
2800,22.44574501
2805,22.43887457
2810,22.43181035
2815,22.42455247
2820,22.41710105
2825,22.40945621
2830,22.40161809
2835,22.3935868
2840,22.38536247
2845,22.37694524
2850,22.36833524
2855,22.3595326
2860,22.35053746
2865,22.34134995
2870,22.33197022
2875,22.32239841
2880,22.31263466
2885,22.30267912
2890,22.29253193
2895,22.28219325
2900,22.27166322
2905,22.26094201
2910,22.25002976
2915,22.23892663
2920,22.22763278
2925,22.21614837
2930,22.20447357
2935,22.19260853
2940,22.18055343
2945,22.16830844
2950,22.15587371
2955,22.14324944
2960,22.13043578
2965,22.11743292
2970,22.10424103
2975,22.0908603
2980,22.07729089
2985,22.06353301
2990,22.04958683
2995,22.03545254
3000,22.02113033
3005,22.00662038
3010,21.9919229
3015,21.97703807
3020,21.9619661
3025,21.94670718
3030,21.9312615
3035,21.91562928
3040,21.89981072
3045,21.88380601
3050,21.86761538
3055,21.85123902
3060,21.83467715
3065,21.81792999
3070,21.80099773
3075,21.78388062
3080,21.76657885
3085,21.74909265
3090,21.73142225
3095,21.71356786
3100,21.69552972
3105,21.67730804
3110,21.65890307
3115,21.64031502
3120,21.62154414
3125,21.60259065
3130,21.5834548
3135,21.56413682
3140,21.54463695
3145,21.52495543
3150,21.50509251
3155,21.48504844
3160,21.46482345
3165,21.44441781
3170,21.42383175
3175,21.40306553
3180,21.38211941
3185,21.36099365
3190,21.33968849
3195,21.3182042
3200,21.29654105
3205,21.27469929
3210,21.25267919
3215,21.23048101
3220,21.20810503
3225,21.18555152
3230,21.16282074
3235,21.13991297
3240,21.11682848
3245,21.09356756
3250,21.07013048
3255,21.04651753
3260,21.02272898
3265,20.99876511
3270,20.97462623
3275,20.9503126
3280,20.92582453
3285,20.9011623
3290,20.8763262
3295,20.85131654
3300,20.8261336
3305,20.80077769
3310,20.7752491
3315,20.74954813
3320,20.72367509
3325,20.69763029
3330,20.67141402
3335,20.64502661
3340,20.61846834
3345,20.59173955
3350,20.56484054
3355,20.53777163
3360,20.51053312
3365,20.48312535
3370,20.45554863
3375,20.42780329
3380,20.39988964
3385,20.37180801
3390,20.34355872
3395,20.31514211
3400,20.28655851
3405,20.25780824
3410,20.22889165
3415,20.19980905
3420,20.1705608
3425,20.14114723
3430,20.11156867
3435,20.08182548
3440,20.05191798
3445,20.02184654
3450,19.99161149
3455,19.96121317
3460,19.93065195
3465,19.89992817
3470,19.86904219
3475,19.83799435
3480,19.80678501
3485,19.77541454
3490,19.74388329
3495,19.71219162
3500,19.68033989
3505,19.64832846
3510,19.61615771
3515,19.583828
3520,19.5513397
3525,19.51869317
3530,19.48588879
3535,19.45292693
3540,19.41980797
3545,19.38653228
3550,19.35310025
3555,19.31951224
3560,19.28576864
3565,19.25186984
3570,19.21781621
3575,19.18360815
3580,19.14924603
3585,19.11473025
3590,19.0800612
3595,19.04523927
3600,19.01026486
3605,18.97513834
3610,18.93986014
3615,18.90443063
3620,18.86885022
3625,18.83311931
3630,18.79723831
3635,18.76120761
3640,18.72502761
3645,18.68869874
3650,18.65222139
3655,18.61559598
3660,18.57882291
3665,18.5419026
3670,18.50483545
3675,18.4676219
3680,18.43026235
3685,18.39275722
3690,18.35510692
3695,18.31731189
3700,18.27937255
3705,18.24128931
3710,18.2030626
3715,18.16469286
3720,18.1261805
3725,18.08752596
3730,18.04872966
3735,18.00979205
3740,17.97071354
3745,17.93149459
3750,17.89213562
3755,17.85263708
3760,17.8129994
3765,17.77322302
3770,17.73330838
3775,17.69325593
3780,17.65306612
3785,17.61273938
3790,17.57227617
3795,17.53167693
3800,17.49094212
3805,17.45007218
3810,17.40906757
3815,17.36792875
3820,17.32665616
3825,17.28525027
3830,17.24371153
3835,17.2020404
3840,17.16023735
3845,17.11830283
3850,17.07623731
3855,17.03404125
3860,16.99171512
3865,16.94925938
3870,16.90667451
3875,16.86396097
3880,16.82111923
3885,16.77814977
3890,16.73505306
3895,16.69182958
3900,16.64847979
3905,16.60500419
3910,16.56140324
3915,16.51767742
3920,16.47382723
3925,16.42985313
3930,16.38575561
3935,16.34153516
3940,16.29719226
3945,16.2527274
3950,16.20814107
3955,16.16343376
3960,16.11860595
3965,16.07365815
3970,16.02859083
3975,15.98340451
3980,15.93809966
3985,15.89267679
3990,15.8471364
3995,15.80147899
4000,15.75570505
4005,15.70981508
4010,15.66380959
4015,15.61768909
4020,15.57145407
4025,15.52510504
4030,15.47864251
4035,15.43206699
4040,15.38537898
4045,15.338579
4050,15.29166756
4055,15.24464516
4060,15.19751233
4065,15.15026957
4070,15.10291741
4075,15.05545636
4080,15.00788693
4085,14.96020966
4090,14.91242504
4095,14.86453362
4100,14.8165359
4105,14.76843241
4110,14.72022369
4115,14.67191024
4120,14.6234926
4125,14.57497129
4130,14.52634685
4135,14.4776198
4140,14.42879068
4145,14.37986
4150,14.33082832
4155,14.28169615
4160,14.23246403
4165,14.18313251
4170,14.13370211
4175,14.08417337
4180,14.03454683
4185,13.98482303
4190,13.93500251
4195,13.88508582
4200,13.83507348
4205,13.78496605
4210,13.73476407
4215,13.68446809
4220,13.63407864
4225,13.58359629
4230,13.53302156
4235,13.48235502
4240,13.43159721
4245,13.38074869
4250,13.32980999
4255,13.27878169
4260,13.22766432
4265,13.17645845
4270,13.12516462
4275,13.0737834
4280,13.02231533
4285,12.97076099
4290,12.91912091
4295,12.86739568
4300,12.81558583
4305,12.76369194
4310,12.71171457
4315,12.65965427
4320,12.60751162
4325,12.55528717
4330,12.50298149
4335,12.45059515
4340,12.39812871
4345,12.34558274
4350,12.29295781
4355,12.24025449
4360,12.18747334
4365,12.13461493
4370,12.08167985
4375,12.02866865
4380,11.97558191
4385,11.92242021
4390,11.86918411
4395,11.8158742
4400,11.76249105
4405,11.70903524
4410,11.65550733
4415,11.60190792
4420,11.54823757
4425,11.49449688
4430,11.4406864
4435,11.38680674
4440,11.33285846
4445,11.27884216
4450,11.2247584
4455,11.17060779
4460,11.11639089
4465,11.0621083
4470,11.00776059
4475,10.95334836
4480,10.8988722
4485,10.84433268
4490,10.78973039
4495,10.73506593
4500,10.68033989
4505,10.62555284
4510,10.57070539
4515,10.51579812
4520,10.46083163
4525,10.4058065
4530,10.35072334
4535,10.29558272
4540,10.24038525
4545,10.18513152
4550,10.12982212
4555,10.07445765
4560,10.01903871
4565,9.963565889
4570,9.908039786
4575,9.852460999
4580,9.796830126
4585,9.741147764
4590,9.685414514
4595,9.629630973
4600,9.573797743
4605,9.517915424
4610,9.461984616
4615,9.406005921
4620,9.34997994
4625,9.293907277
4630,9.237788534
4635,9.181624313
4640,9.125415219
4645,9.069161856
4650,9.012864828
4655,8.95652474
4660,8.900142198
4665,8.843717808
4670,8.787252175
4675,8.730745907
4680,8.67419961
4685,8.617613892
4690,8.560989361
4695,8.504326625
4700,8.447626292
4705,8.390888971
4710,8.334115273
4715,8.277305805
4720,8.22046118
4725,8.163582006
4730,8.106668894
4735,8.049722457
4740,7.992743304
4745,7.935732048
4750,7.878689301
4755,7.821615675
4760,7.764511782
4765,7.707378237
4770,7.650215651
4775,7.593024639
4780,7.535805814
4785,7.47855979
4790,7.421287182
4795,7.363988604
4800,7.306664671
4805,7.249315999
4810,7.191943202
4815,7.134546896
4820,7.077127697
4825,7.019686222
4830,6.962223086
4835,6.904738905
4840,6.847234297
4845,6.789709878
4850,6.732166266
4855,6.674604078
4860,6.617023931
4865,6.559426443
4870,6.501812231
4875,6.444181915
4880,6.386536111
4885,6.328875438
4890,6.271200514
4895,6.213511959
4900,6.155810391
4905,6.098096428
4910,6.04037069
4915,5.982633795
4920,5.924886364
4925,5.867129014
4930,5.809362366
4935,5.75158704
4940,5.693803653
4945,5.636012827
4950,5.578215182
4955,5.520411335
4960,5.462601909
4965,5.404787522
4970,5.346968794
4975,5.289146346
4980,5.231320798
4985,5.173492769
4990,5.115662879
4995,5.05783175
5000,5
5005,4.94216825
5010,4.884337121
5015,4.826507231
5020,4.768679202
5025,4.710853654
5030,4.653031206
5035,4.595212478
5040,4.537398091
5045,4.479588665
5050,4.421784818
5055,4.363987173
5060,4.306196347
5065,4.24841296
5070,4.190637634
5075,4.132870986
5080,4.075113636
5085,4.017366205
5090,3.95962931
5095,3.901903572
5100,3.844189609
5105,3.786488041
5110,3.728799486
5115,3.671124562
5120,3.613463889
5125,3.555818085
5130,3.498187769
5135,3.440573557
5140,3.382976069
5145,3.325395922
5150,3.267833734
5155,3.210290122
5160,3.152765703
5165,3.095261095
5170,3.037776914
5175,2.980313778
5180,2.922872303
5185,2.865453104
5190,2.808056798
5195,2.750684001
5200,2.693335329
5205,2.636011396
5210,2.578712818
5215,2.52144021
5220,2.464194186
5225,2.406975361
5230,2.349784349
5235,2.292621763
5240,2.235488218
5245,2.178384325
5250,2.121310699
5255,2.064267952
5260,2.007256696
5265,1.950277543
5270,1.893331106
5275,1.836417994
5280,1.77953882
5285,1.722694195
5290,1.665884727
5295,1.609111029
5300,1.552373708
5305,1.495673375
5310,1.439010639
5315,1.382386108
5320,1.32580039
5325,1.269254093
5330,1.212747825
5335,1.156282192
5340,1.099857802
5345,1.04347526
5350,0.987135172
5355,0.930838144
5360,0.874584781
5365,0.818375687
5370,0.762211466
5375,0.706092723
5380,0.65002006
5385,0.593994079
5390,0.538015384
5395,0.482084576
5400,0.426202257
5405,0.370369027
5410,0.314585486
5415,0.258852236
5420,0.203169874
5425,0.147539001
5430,0.091960214
5435,0.036434111
5440,-0.01903871
5445,-0.074457653
5450,-0.129822121
5455,-0.185131518
5460,-0.240385249
5465,-0.29558272
5470,-0.350723337
5475,-0.405806505
5480,-0.460831632
5485,-0.515798125
5490,-0.570705393
5495,-0.625552844
5500,-0.680339887
5505,-0.735065934
5510,-0.789730393
5515,-0.844332677
5520,-0.898872196
5525,-0.953348364
5530,-1.007760593
5535,-1.062108297
5540,-1.11639089
5545,-1.170607788
5550,-1.224758405
5555,-1.278842158
5560,-1.332858463
5565,-1.386806739
5570,-1.440686404
5575,-1.494496876
5580,-1.548237574
5585,-1.60190792
5590,-1.655507334
5595,-1.709035238
5600,-1.762491054
5605,-1.815874205
5610,-1.869184115
5615,-1.922420208
5620,-1.97558191
5625,-2.028668647
5630,-2.081679846
5635,-2.134614933
5640,-2.187473337
5645,-2.240254487
5650,-2.292957813
5655,-2.345582745
5660,-2.398128714
5665,-2.450595153
5670,-2.502981495
5675,-2.555287172
5680,-2.60751162
5685,-2.659654273
5690,-2.711714568
5695,-2.763691942
5700,-2.815585831
5705,-2.867395676
5710,-2.919120914
5715,-2.970760986
5720,-3.022315333
5725,-3.073783397
5730,-3.125164621
5735,-3.176458448
5740,-3.227664322
5745,-3.278781689
5750,-3.329809995
5755,-3.380748687
5760,-3.431597212
5765,-3.482355021
5770,-3.533021562
5775,-3.583596285
5780,-3.634078643
5785,-3.684468088
5790,-3.734764073
5795,-3.784966053
5800,-3.835073482
5805,-3.885085817
5810,-3.935002515
5815,-3.984823033
5820,-4.034546831
5825,-4.084173369
5830,-4.133702107
5835,-4.183132507
5840,-4.232464033
5845,-4.281696147
5850,-4.330828315
5855,-4.379860002
5860,-4.428790676
5865,-4.477619803
5870,-4.526346852
5875,-4.574971294
5880,-4.623492599
5885,-4.671910239
5890,-4.720223686
5895,-4.768432415
5900,-4.8165359
5905,-4.864533617
5910,-4.912425043
5915,-4.960209656
5920,-5.007886935
5925,-5.05545636
5930,-5.102917413
5935,-5.150269575
5940,-5.19751233
5945,-5.244645162
5950,-5.291667557
5955,-5.338579001
5960,-5.385378983
5965,-5.432066989
5970,-5.478642512
5975,-5.525105041
5980,-5.571454068
5985,-5.617689088
5990,-5.663809593
5995,-5.709815081
6000,-5.755705046
6005,-5.801478987
6010,-5.847136403
6015,-5.892676794
6020,-5.938099661
6025,-5.983404507
6030,-6.028590834
6035,-6.073658148
6040,-6.118605954
6045,-6.16343376
6050,-6.208141073
6055,-6.252727404
6060,-6.297192262
6065,-6.34153516
6070,-6.38575561
6075,-6.429853127
6080,-6.473827226
6085,-6.517677424
6090,-6.561403238
6095,-6.605004189
6100,-6.648479795
6105,-6.691829579
6110,-6.735053064
6115,-6.778149773
6120,-6.821119231
6125,-6.863960967
6130,-6.906674506
6135,-6.949259379
6140,-6.991715115
6145,-7.034041247
6150,-7.076237306
6155,-7.118302829
6160,-7.160237349
6165,-7.202040403
6170,-7.243711531
6175,-7.28525027
6180,-7.326656162
6185,-7.367928749
6190,-7.409067574
6195,-7.450072182
6200,-7.490942119
6205,-7.531676931
6210,-7.572276168
6215,-7.612739379
6220,-7.653066116
6225,-7.693255932
6230,-7.73330838
6235,-7.773223016
6240,-7.812999396
6245,-7.852637079
6250,-7.892135624
6255,-7.931494591
6260,-7.970713544
6265,-8.009792046
6270,-8.04872966
6275,-8.087525955
6280,-8.126180498
6285,-8.164692857
6290,-8.203062604
6295,-8.24128931
6300,-8.279372548
6305,-8.317311895
6310,-8.355106924
6315,-8.392757216
6320,-8.430262347
6325,-8.4676219
6330,-8.504835455
6335,-8.541902596
6340,-8.578822908
6345,-8.615595978
6350,-8.652221393
6355,-8.688698741
6360,-8.725027615
6365,-8.761207605
6370,-8.797238306
6375,-8.833119312
6380,-8.86885022
6385,-8.904430628
6390,-8.939860136
6395,-8.975138344
6400,-9.010264856
6405,-9.045239274
6410,-9.080061204
6415,-9.114730254
6420,-9.149246031
6425,-9.183608147
6430,-9.217816212
6435,-9.251869839
6440,-9.285768643
6445,-9.31951224
6450,-9.353100248
6455,-9.386532285
6460,-9.419807973
6465,-9.452926934
6470,-9.485888791
6475,-9.51869317
6480,-9.551339697
6485,-9.583828002
6490,-9.616157714
6495,-9.648328465
6500,-9.680339887
6505,-9.712191617
6510,-9.743883289
6515,-9.775414541
6520,-9.806785014
6525,-9.837994349
6530,-9.869042187
6535,-9.899928173
6540,-9.930651953
6545,-9.961213174
6550,-9.991611485
6555,-10.02184654
6560,-10.05191798
6565,-10.08182548
6570,-10.11156867
6575,-10.14114723
6580,-10.1705608
6585,-10.19980905
6590,-10.22889165
6595,-10.25780824
6600,-10.28655851
6605,-10.31514211
6610,-10.34355872
6615,-10.37180801
6620,-10.39988964
6625,-10.42780329
6630,-10.45554863
6635,-10.48312535
6640,-10.51053312
6645,-10.53777163
6650,-10.56484054
6655,-10.59173955
6660,-10.61846834
6665,-10.64502661
6670,-10.67141402
6675,-10.69763029
6680,-10.72367509
6685,-10.74954813
6690,-10.7752491
6695,-10.80077769
6700,-10.8261336
6705,-10.85131654
6710,-10.8763262
6715,-10.9011623
6720,-10.92582453
6725,-10.9503126
6730,-10.97462623
6735,-10.99876511
6740,-11.02272898
6745,-11.04651753
6750,-11.07013048
6755,-11.09356756
6760,-11.11682848
6765,-11.13991297
6770,-11.16282074
6775,-11.18555152
6780,-11.20810503
6785,-11.23048101
6790,-11.25267919
6795,-11.27469929
6800,-11.29654105
6805,-11.3182042
6810,-11.33968849
6815,-11.36099365
6820,-11.38211941
6825,-11.40306553
6830,-11.42383175
6835,-11.44441781
6840,-11.46482345
6845,-11.48504844
6850,-11.50509251
6855,-11.52495543
6860,-11.54463695
6865,-11.56413682
6870,-11.5834548
6875,-11.60259065
6880,-11.62154414
6885,-11.64031502
6890,-11.65890307
6895,-11.67730804
6900,-11.69552972
6905,-11.71356786
6910,-11.73142225
6915,-11.74909265
6920,-11.76657885
6925,-11.78388062
6930,-11.80099773
6935,-11.81792999
6940,-11.83467715
6945,-11.85123902
6950,-11.86761538
6955,-11.88380601
6960,-11.89981072
6965,-11.91562928
6970,-11.9312615
6975,-11.94670718
6980,-11.9619661
6985,-11.97703807
6990,-11.9919229
6995,-12.00662038
7000,-12.02113033
7005,-12.03545254
7010,-12.04958683
7015,-12.06353301
7020,-12.07729089
7025,-12.0908603
7030,-12.10424103
7035,-12.11743292
7040,-12.13043578
7045,-12.14324944
7050,-12.15587371
7055,-12.16830844
7060,-12.18055343
7065,-12.19260853
7070,-12.20447357
7075,-12.21614837
7080,-12.22763278
7085,-12.23892663
7090,-12.25002976
7095,-12.26094201
7100,-12.27166322
7105,-12.28219325
7110,-12.29253193
7115,-12.30267912
7120,-12.31263466
7125,-12.32239841
7130,-12.33197022
7135,-12.34134995
7140,-12.35053746
7145,-12.3595326
7150,-12.36833524
7155,-12.37694524
7160,-12.38536247
7165,-12.3935868
7170,-12.40161809
7175,-12.40945621
7180,-12.41710105
7185,-12.42455247
7190,-12.43181035
7195,-12.43887457
7200,-12.44574501
7205,-12.45242156
7210,-12.4589041
7215,-12.46519251
7220,-12.47128669
7225,-12.47718652
7230,-12.4828919
7235,-12.48840272
7240,-12.49371888
7245,-12.49884028
7250,-12.50376681
7255,-12.50849838
7260,-12.51303489
7265,-12.51737626
7270,-12.52152237
7275,-12.52547315
7280,-12.52922851
7285,-12.53278836
7290,-12.53615262
7295,-12.5393212
7300,-12.54229403
7305,-12.54507101
7310,-12.54765209
7315,-12.55003718
7320,-12.55222621
7325,-12.55421911
7330,-12.55601581
7335,-12.55761624
7340,-12.55902034
7345,-12.56022804
7350,-12.56123929
7355,-12.56205402
7360,-12.56267218
7365,-12.56309371
7370,-12.56331856
7375,-12.56334667
7380,-12.56317801
7385,-12.5628125
7390,-12.56225013
7395,-12.56149083
7400,-12.56053457
7405,-12.55938131
7410,-12.558031
7415,-12.55648362
7420,-12.55473913
7425,-12.5527975
7430,-12.55065869
7435,-12.54832269
7440,-12.54578945
7445,-12.54305897
7450,-12.54013121
7455,-12.53700615
7460,-12.53368379
7465,-12.53016409
7470,-12.52644705
7475,-12.52253265
7480,-12.51842088
7485,-12.51411174
7490,-12.50960522
7495,-12.5049013
7500,-12.5
7505,-12.4949013
7510,-12.48960522
7515,-12.48411174
7520,-12.47842088
7525,-12.47253265
7530,-12.46644705
7535,-12.46016409
7540,-12.45368379
7545,-12.44700615
7550,-12.44013121
7555,-12.43305897
7560,-12.42578945
7565,-12.41832269
7570,-12.41065869
7575,-12.4027975
7580,-12.39473913
7585,-12.38648362
7590,-12.378031
7595,-12.36938131
7600,-12.36053457
7605,-12.35149083
7610,-12.34225013
7615,-12.3328125
7620,-12.32317801
7625,-12.31334667
7630,-12.30331856
7635,-12.29309371
7640,-12.28267218
7645,-12.27205402
7650,-12.26123929
7655,-12.25022804
7660,-12.23902034
7665,-12.22761624
7670,-12.21601581
7675,-12.20421911
7680,-12.19222621
7685,-12.18003718
7690,-12.16765209
7695,-12.15507101
7700,-12.14229403
7705,-12.1293212
7710,-12.11615262
7715,-12.10278836
7720,-12.08922851
7725,-12.07547315
7730,-12.06152237
7735,-12.04737626
7740,-12.03303489
7745,-12.01849838
7750,-12.00376681
7755,-11.98884028
7760,-11.97371888
7765,-11.95840272
7770,-11.9428919
7775,-11.92718652
7780,-11.91128669
7785,-11.89519251
7790,-11.8789041
7795,-11.86242156
7800,-11.84574501
7805,-11.82887457
7810,-11.81181035
7815,-11.79455247
7820,-11.77710105
7825,-11.75945621
7830,-11.74161809
7835,-11.7235868
7840,-11.70536247
7845,-11.68694524
7850,-11.66833524
7855,-11.6495326
7860,-11.63053746
7865,-11.61134995
7870,-11.59197022
7875,-11.57239841
7880,-11.55263466
7885,-11.53267912
7890,-11.51253193
7895,-11.49219325
7900,-11.47166322
7905,-11.45094201
7910,-11.43002976
7915,-11.40892663
7920,-11.38763278
7925,-11.36614837
7930,-11.34447357
7935,-11.32260853
7940,-11.30055343
7945,-11.27830844
7950,-11.25587371
7955,-11.23324944
7960,-11.21043578
7965,-11.18743292
7970,-11.16424103
7975,-11.1408603
7980,-11.11729089
7985,-11.09353301
7990,-11.06958683
7995,-11.04545254
8000,-11.02113033
8005,-10.99662038
8010,-10.9719229
8015,-10.94703807
8020,-10.9219661
8025,-10.89670718
8030,-10.8712615
8035,-10.84562928
8040,-10.81981072
8045,-10.79380601
8050,-10.76761538
8055,-10.74123902
8060,-10.71467715
8065,-10.68792999
8070,-10.66099773
8075,-10.63388062
8080,-10.60657885
8085,-10.57909265
8090,-10.55142225
8095,-10.52356786
8100,-10.49552972
8105,-10.46730804
8110,-10.43890307
8115,-10.41031502
8120,-10.38154414
8125,-10.35259065
8130,-10.3234548
8135,-10.29413682
8140,-10.26463695
8145,-10.23495543
8150,-10.20509251
8155,-10.17504844
8160,-10.14482345
8165,-10.11441781
8170,-10.08383175
8175,-10.05306553
8180,-10.02211941
8185,-9.990993647
8190,-9.959688491
8195,-9.928204204
8200,-9.896541049
8205,-9.864699289
8210,-9.832679187
8215,-9.800481012
8220,-9.768105031
8225,-9.735551515
8230,-9.702820736
8235,-9.669912966
8240,-9.636828483
8245,-9.603567562
8250,-9.570130484
8255,-9.536517528
8260,-9.502728976
8265,-9.468765114
8270,-9.434626227
8275,-9.400312602
8280,-9.365824529
8285,-9.331162298
8290,-9.296326204
8295,-9.261316539
8300,-9.226133601
8305,-9.190777687
8310,-9.155249096
8315,-9.119548131
8320,-9.083675093
8325,-9.047630289
8330,-9.011414023
8335,-8.975026605
8340,-8.938468344
8345,-8.901739551
8350,-8.86484054
8355,-8.827771625
8360,-8.790533124
8365,-8.753125353
8370,-8.715548634
8375,-8.677803287
8380,-8.639889636
8385,-8.601808005
8390,-8.563558722
8395,-8.525142113
8400,-8.48655851
8405,-8.447808243
8410,-8.408891646
8415,-8.369809053
8420,-8.330560801
8425,-8.291147227
8430,-8.251568672
8435,-8.211825477
8440,-8.171917984
8445,-8.131846538
8450,-8.091611485
8455,-8.051213174
8460,-8.010651953
8465,-7.969928173
8470,-7.929042187
8475,-7.887994349
8480,-7.846785014
8485,-7.805414541
8490,-7.763883289
8495,-7.722191617
8500,-7.680339887
8505,-7.638328465
8510,-7.596157714
8515,-7.553828002
8520,-7.511339697
8525,-7.46869317
8530,-7.425888791
8535,-7.382926934
8540,-7.339807973
8545,-7.296532285
8550,-7.253100248
8555,-7.20951224
8560,-7.165768643
8565,-7.121869839
8570,-7.077816212
8575,-7.033608147
8580,-6.989246031
8585,-6.944730254
8590,-6.900061204
8595,-6.855239274
8600,-6.810264856
8605,-6.765138344
8610,-6.719860136
8615,-6.674430628
8620,-6.62885022
8625,-6.583119312
8630,-6.537238306
8635,-6.491207605
8640,-6.445027615
8645,-6.398698741
8650,-6.352221393
8655,-6.305595978
8660,-6.258822908
8665,-6.211902596
8670,-6.164835455
8675,-6.1176219
8680,-6.070262347
8685,-6.022757216
8690,-5.975106924
8695,-5.927311895
8700,-5.879372548
8705,-5.83128931
8710,-5.783062604
8715,-5.734692857
8720,-5.686180498
8725,-5.637525955
8730,-5.58872966
8735,-5.539792046
8740,-5.490713544
8745,-5.441494591
8750,-5.392135624
8755,-5.342637079
8760,-5.292999396
8765,-5.243223016
8770,-5.19330838
8775,-5.143255932
8780,-5.093066116
8785,-5.042739379
8790,-4.992276168
8795,-4.941676931
8800,-4.890942119
8805,-4.840072182
8810,-4.789067574
8815,-4.737928749
8820,-4.686656162
8825,-4.63525027
8830,-4.583711531
8835,-4.532040403
8840,-4.480237349
8845,-4.428302829
8850,-4.376237306
8855,-4.324041247
8860,-4.271715115
8865,-4.219259379
8870,-4.166674506
8875,-4.113960967
8880,-4.061119231
8885,-4.008149773
8890,-3.955053064
8895,-3.901829579
8900,-3.848479795
8905,-3.795004189
8910,-3.741403238
8915,-3.687677424
8920,-3.633827226
8925,-3.579853127
8930,-3.52575561
8935,-3.47153516
8940,-3.417192262
8945,-3.362727404
8950,-3.308141073
8955,-3.25343376
8960,-3.198605954
8965,-3.143658148
8970,-3.088590834
8975,-3.033404507
8980,-2.978099661
8985,-2.922676794
8990,-2.867136403
8995,-2.811478987
9000,-2.755705046
9005,-2.699815081
9010,-2.643809593
9015,-2.587689088
9020,-2.531454068
9025,-2.475105041
9030,-2.418642512
9035,-2.362066989
9040,-2.305378983
9045,-2.248579001
9050,-2.191667557
9055,-2.134645162
9060,-2.07751233
9065,-2.020269575
9070,-1.962917413
9075,-1.90545636
9080,-1.847886935
9085,-1.790209656
9090,-1.732425043
9095,-1.674533617
9100,-1.6165359
9105,-1.558432415
9110,-1.500223686
9115,-1.441910239
9120,-1.383492599
9125,-1.324971294
9130,-1.266346852
9135,-1.207619803
9140,-1.148790676
9145,-1.089860002
9150,-1.030828315
9155,-0.971696147
9160,-0.912464033
9165,-0.853132507
9170,-0.793702107
9175,-0.734173369
9180,-0.674546831
9185,-0.614823033
9190,-0.555002515
9195,-0.495085817
9200,-0.435073482
9205,-0.374966053
9210,-0.314764073
9215,-0.254468088
9220,-0.194078643
9225,-0.133596285
9230,-0.073021562
9235,-0.012355021
9240,0.048402788
9245,0.109251313
9250,0.170190005
9255,0.231218311
9260,0.292335678
9265,0.353541552
9270,0.414835379
9275,0.476216603
9280,0.537684667
9285,0.599239014
9290,0.660879086
9295,0.722604324
9300,0.784414169
9305,0.846308058
9310,0.908285432
9315,0.970345727
9320,1.03248838
9325,1.094712828
9330,1.157018505
9335,1.219404847
9340,1.281871286
9345,1.344417255
9350,1.407042187
9355,1.469745513
9360,1.532526663
9365,1.595385067
9370,1.658320154
9375,1.721331353
9380,1.78441809
9385,1.847579792
9390,1.910815885
9395,1.974125795
9400,2.037508946
9405,2.100964762
9410,2.164492666
9415,2.22809208
9420,2.291762426
9425,2.355503124
9430,2.419313596
9435,2.483193261
9440,2.547141537
9445,2.611157842
9450,2.675241595
9455,2.739392212
9460,2.80360911
9465,2.867891703
9470,2.932239407
9475,2.996651636
9480,3.061127804
9485,3.125667323
9490,3.190269607
9495,3.254934066
9500,3.319660113
9505,3.384447156
9510,3.449294607
9515,3.514201875
9520,3.579168368
9525,3.644193495
9530,3.709276663
9535,3.77441728
9540,3.839614751
9545,3.904868482
9550,3.970177879
9555,4.035542347
9560,4.10096129
9565,4.166434111
9570,4.231960214
9575,4.297539001
9580,4.363169874
9585,4.428852236
9590,4.494585486
9595,4.560369027
9600,4.626202257
9605,4.692084576
9610,4.758015384
9615,4.823994079
9620,4.89002006
9625,4.956092723
9630,5.022211466
9635,5.088375687
9640,5.154584781
9645,5.220838144
9650,5.287135172
9655,5.35347526
9660,5.419857802
9665,5.486282192
9670,5.552747825
9675,5.619254093
9680,5.68580039
9685,5.752386108
9690,5.819010639
9695,5.885673375
9700,5.952373708
9705,6.019111029
9710,6.085884727
9715,6.152694195
9720,6.21953882
9725,6.286417994
9730,6.353331106
9735,6.420277543
9740,6.487256696
9745,6.554267952
9750,6.621310699
9755,6.688384325
9760,6.755488218
9765,6.822621763
9770,6.889784349
9775,6.956975361
9780,7.024194186
9785,7.09144021
9790,7.158712818
9795,7.226011396
9800,7.293335329
9805,7.360684001
9810,7.428056798
9815,7.495453104
9820,7.562872303
9825,7.630313778
9830,7.697776914
9835,7.765261095
9840,7.832765703
9845,7.900290122
9850,7.967833734
9855,8.035395922
9860,8.102976069
9865,8.170573557
9870,8.238187769
9875,8.305818085
9880,8.373463889
9885,8.441124562
9890,8.508799486
9895,8.576488041
9900,8.644189609
9905,8.711903572
9910,8.77962931
9915,8.847366205
9920,8.915113636
9925,8.982870986
9930,9.050637634
9935,9.11841296
9940,9.186196347
9945,9.253987173
9950,9.321784818
9955,9.389588665
9960,9.457398091
9965,9.525212478
9970,9.593031206
9975,9.660853654
9980,9.728679202
9985,9.796507231
9990,9.864337121
9995,9.93216825
10000,10
