Period (s),CommandedVelocity (mm/s),PositionError (mm),PhaseAActualCurrent (mA)
0.000000,0.000031,0.000000,-2.444000
0.000512,0.003964,0.000000,-7.332000
0.001024,0.014450,0.000005,-10.998000
0.001536,0.031489,0.000010,-14.664000
0.002048,0.055082,0.000005,-20.774000
0.002560,0.085229,0.000015,-31.772000
0.003072,0.121929,0.000020,-31.772000
0.003584,0.165182,0.000045,-47.658000
0.004096,0.214989,0.000080,-45.214000
0.004608,0.271352,0.000120,-51.324000
0.005120,0.334266,0.000160,-62.322000
0.005632,0.403734,0.000205,-69.654000
0.006144,0.479756,0.000230,-75.764000
0.006656,0.562331,0.000265,-75.764000
0.007168,0.651459,0.000285,-84.318000
0.007680,0.747143,0.000285,-90.428000
0.008192,0.848560,0.000275,-92.872000
0.008704,0.950795,0.000260,-92.872000
0.009216,1.053032,0.000220,-90.428000
0.009728,1.155268,0.000185,-86.762000
0.010240,1.257505,0.000150,-92.872000
0.010752,1.359740,0.000120,-86.762000
0.011264,1.461977,0.000090,-92.872000
0.011776,1.564212,0.000055,-87.984000
0.012288,1.666449,0.000010,-90.428000
0.012800,1.768684,-0.000005,-90.428000
0.013312,1.870921,-0.000015,-96.538000
0.013824,1.973157,-0.000030,-105.092000
0.014336,2.075393,-0.000015,-102.648000
0.014848,2.177630,0.000015,-108.758000
0.015360,2.279866,0.000035,-112.424000
0.015872,2.382103,0.000075,-114.868000
0.016384,2.484338,0.000110,-117.312000
0.016896,2.586575,0.000135,-120.978000
0.017408,2.688810,0.000145,-117.312000
0.017920,2.791047,0.000135,-120.978000
0.018432,2.893282,0.000170,-127.088000
0.018944,2.995519,0.000190,-130.754000
0.019456,3.097755,0.000225,-129.532000
0.019968,3.199992,0.000240,-130.754000
0.020480,3.302227,0.000255,-130.754000
0.020992,3.404464,0.000275,-135.642000
0.021504,3.506699,0.000290,-130.754000
0.022016,3.608936,0.000310,-142.974000
0.022528,3.711171,0.000335,-147.862000
0.023040,3.813408,0.000345,-142.974000
0.023552,3.915645,0.000290,-133.198000
0.024064,4.017881,0.000225,-127.088000
0.024576,4.120117,0.000210,-141.752000
0.025088,4.222058,0.000185,-133.198000
0.025600,4.319051,0.000160,-136.864000
0.026112,4.409491,0.000145,-130.754000
0.026624,4.493377,0.000130,-130.754000
0.027136,4.570709,0.000115,-124.644000
0.027648,4.641488,0.000120,-130.754000
0.028160,4.705714,0.000075,-117.312000
0.028672,4.763386,0.000060,-114.868000
0.029184,4.814504,0.000085,-117.312000
0.029696,4.859067,0.000110,-118.534000
0.030208,4.897079,0.000115,-114.868000
0.030720,4.928537,0.000160,-111.202000
0.031232,4.953440,0.000210,-112.424000
0.031744,4.971790,0.000280,-112.424000
0.032256,4.983586,0.000300,-102.648000
0.032768,4.988830,0.000325,-100.204000
0.033280,4.989125,0.000355,-96.538000
0.033792,4.989125,0.000385,-92.872000
0.034304,4.989125,0.000390,-106.314000
0.034816,4.989125,0.000400,-94.094000
0.035328,4.989125,0.000440,-108.758000
0.035840,4.989125,0.000470,-92.872000
0.036352,4.989125,0.000430,-94.094000
0.036864,4.989125,0.000385,-84.318000
0.037376,4.989125,0.000350,-81.874000
0.037888,4.989125,0.000300,-87.984000
0.038400,4.989125,0.000265,-86.762000
0.038912,4.989125,0.000240,-86.762000
0.039424,4.989125,0.000235,-87.984000
0.039936,4.989125,0.000230,-92.872000
0.040448,4.989125,0.000150,-81.874000
0.040960,4.989125,0.000095,-72.098000
0.041472,4.989125,0.000065,-86.762000
0.041984,4.989125,0.000055,-84.318000
0.042496,4.989125,0.000050,-80.652000
0.043008,4.989125,0.000040,-81.874000
0.043520,4.989125,0.000055,-81.874000
0.044032,4.989125,0.000030,-86.762000
0.044544,4.989125,-0.000010,-78.208000
0.045056,4.989125,-0.000010,-86.762000
0.045568,4.989125,0.000005,-87.984000
0.046080,4.989125,-0.000005,-80.652000
0.046592,4.989125,-0.000025,-80.652000
0.047104,4.989125,-0.000015,-81.874000
0.047616,4.989125,0.000035,-87.984000
0.048128,4.989125,0.000015,-81.874000
0.048640,4.989125,0.000010,-78.208000
0.049152,4.989125,0.000030,-84.318000
0.049664,4.989125,0.000025,-86.762000
0.050176,4.989125,0.000015,-81.874000
0.050688,4.989125,0.000020,-86.762000
0.051200,4.989125,0.000065,-90.428000
0.051712,4.989125,0.000105,-92.872000
0.052224,4.989125,0.000120,-94.094000
0.052736,4.989125,0.000110,-80.652000
0.053248,4.989125,0.000120,-81.874000
0.053760,4.989125,0.000145,-92.872000
0.054272,4.989125,0.000170,-87.984000
0.054784,4.989125,0.000190,-87.984000
0.055296,4.989125,0.000235,-98.982000
0.055808,4.989125,0.000305,-106.314000
0.056320,4.989125,0.000315,-94.094000
0.056832,4.989125,0.000290,-86.762000
0.057344,4.989125,0.000315,-106.314000
0.057856,4.989125,0.000340,-92.872000
0.058368,4.989125,0.000355,-96.538000
0.058880,4.989125,0.000370,-106.314000
0.059392,4.989125,0.000390,-96.538000
0.059904,4.989125,0.000410,-111.202000
0.060416,4.989125,0.000390,-100.204000
0.060928,4.989125,0.000385,-106.314000
0.061440,4.989125,0.000410,-94.094000
0.061952,4.989125,0.000425,-102.648000
0.062464,4.989125,0.000415,-94.094000
0.062976,4.989125,0.000425,-108.758000
0.063488,4.989125,0.000440,-106.314000
0.064000,4.989125,0.000450,-105.092000
0.064512,4.989125,0.000445,-102.648000
0.065024,4.989125,0.000435,-94.094000
0.065536,4.989125,0.000430,-105.092000
0.066048,4.989125,0.000445,-105.092000
0.066560,4.989125,0.000425,-87.984000
0.067072,4.989125,0.000425,-92.872000
0.067584,4.989125,0.000430,-105.092000
0.068096,4.989125,0.000420,-106.314000
0.068608,4.989125,0.000365,-105.092000
0.069120,4.989125,0.000320,-92.872000
0.069632,4.989125,0.000295,-94.094000
0.070144,4.989125,0.000255,-92.872000
0.070656,4.989125,0.000220,-94.094000
0.071168,4.989125,0.000205,-92.872000
0.071680,4.989125,0.000200,-105.092000
0.072192,4.989125,0.000155,-87.984000
0.072704,4.989125,0.000060,-74.542000
0.073216,4.989125,0.000020,-78.208000
0.073728,4.989125,0.000005,-87.984000
0.074240,4.989125,-0.000020,-84.318000
0.074752,4.989125,-0.000030,-87.984000
0.075264,4.989125,-0.000055,-81.874000
0.075776,4.989125,-0.000060,-80.652000
0.076288,4.989125,-0.000110,-78.208000
0.076800,4.989125,-0.000155,-78.208000
0.077312,4.989125,-0.000135,-90.428000
0.077824,4.989125,-0.000120,-81.874000
0.078336,4.989125,-0.000135,-84.318000
0.078848,4.989125,-0.000125,-86.762000
0.079360,4.989125,-0.000105,-81.874000
0.079872,4.989125,-0.000090,-92.872000
0.080384,4.989125,-0.000125,-78.208000
0.080896,4.989125,-0.000145,-78.208000
0.081408,4.989125,-0.000160,-87.984000
0.081920,4.989125,-0.000155,-81.874000
0.082432,4.989125,-0.000170,-78.208000
0.082944,4.989125,-0.000175,-78.208000
0.083456,4.989125,-0.000155,-86.762000
0.083968,4.989125,-0.000160,-84.318000
0.084480,4.989125,-0.000210,-75.764000
0.084992,4.989125,-0.000250,-68.432000
0.085504,4.989125,-0.000260,-72.098000
0.086016,4.989125,-0.000260,-78.208000
0.086528,4.989125,-0.000255,-84.318000
0.087040,4.989125,-0.000215,-81.874000
0.087552,4.989125,-0.000175,-86.762000
0.088064,4.989125,-0.000160,-84.318000
0.088576,4.989125,-0.000210,-72.098000
0.089088,4.989125,-0.000210,-69.654000
0.089600,4.989125,-0.000205,-81.874000
0.090112,4.989125,-0.000185,-80.652000
0.090624,4.989125,-0.000145,-86.762000
0.091136,4.989125,-0.000110,-92.872000
0.091648,4.989125,-0.000065,-90.428000
0.092160,4.989125,-0.000075,-84.318000
0.092672,4.989125,-0.000090,-75.764000
0.093184,4.989125,-0.000060,-87.984000
0.093696,4.989125,-0.000030,-86.762000
0.094208,4.989125,0.000000,-86.762000
0.094720,4.989125,0.000020,-90.428000
0.095232,4.989125,0.000055,-87.984000
0.095744,4.989125,0.000115,-96.538000
0.096256,4.989125,0.000105,-86.762000
0.096768,4.989125,0.000110,-90.428000
0.097280,4.989125,0.000125,-90.428000
0.097792,4.989125,0.000135,-87.984000
0.098304,4.989125,0.000135,-96.538000
0.098816,4.989125,0.000140,-90.428000
0.099328,4.989125,0.000175,-102.648000
0.099840,4.989125,0.000205,-96.538000
0.100352,4.989125,0.000190,-90.428000
0.100864,4.989125,0.000140,-84.318000
0.101376,4.989125,0.000120,-84.318000
0.101888,4.989125,0.000105,-90.428000
0.102400,4.989125,0.000095,-87.984000
0.102912,4.989125,0.000085,-84.318000
0.103424,4.989125,0.000100,-100.204000
0.103936,4.989125,0.000125,-87.984000
0.104448,4.989125,0.000065,-81.874000
0.104960,4.989125,-0.000005,-72.098000
0.105472,4.989125,-0.000020,-87.984000
0.105984,4.989125,-0.000030,-86.762000
0.106496,4.989125,-0.000030,-80.652000
0.107008,4.989125,-0.000040,-90.428000
0.107520,4.989125,-0.000035,-80.652000
0.108032,4.989125,-0.000060,-92.872000
0.108544,4.989125,-0.000110,-75.764000
0.109056,4.989125,-0.000125,-74.542000
0.109568,4.989125,-0.000120,-81.874000
0.110080,4.989125,-0.000110,-84.318000
0.110592,4.989125,-0.000120,-81.874000
0.111104,4.989125,-0.000100,-84.318000
0.111616,4.989125,-0.000060,-87.984000
0.112128,4.989125,-0.000060,-84.318000
0.112640,4.989125,-0.000070,-84.318000
0.113152,4.989125,-0.000050,-86.762000
0.113664,4.989125,-0.000055,-87.984000
0.114176,4.989125,-0.000035,-92.872000
0.114688,4.989125,-0.000020,-84.318000
0.115200,4.989125,0.000025,-92.872000
0.115712,4.989125,0.000070,-87.984000
0.116224,4.989125,0.000085,-92.872000
0.116736,4.989125,0.000055,-81.874000
0.117248,4.989125,0.000050,-84.318000
0.117760,4.989125,0.000060,-84.318000
0.118272,4.989125,0.000065,-90.428000
0.118784,4.989125,0.000070,-84.318000
0.119296,4.989125,0.000120,-100.204000
0.119808,4.989125,0.000165,-92.872000
0.120320,4.989125,0.000180,-92.872000
0.120832,4.989125,0.000130,-80.652000
0.121344,4.989125,0.000145,-84.318000
0.121856,4.989125,0.000145,-87.984000
0.122368,4.989125,0.000145,-92.872000
0.122880,4.989125,0.000170,-94.094000
0.123392,4.989125,0.000175,-87.984000
0.123904,4.989125,0.000215,-108.758000
0.124416,4.989125,0.000190,-94.094000
0.124928,4.989125,0.000175,-84.318000
0.125440,4.989125,0.000195,-96.538000
0.125952,4.989125,0.000210,-94.094000
0.126464,4.989125,0.000205,-96.538000
0.126976,4.989125,0.000230,-87.984000
0.127488,4.989125,0.000265,-90.428000
0.128000,4.989125,0.000300,-106.314000
0.128512,4.989125,0.000310,-94.094000
0.129024,4.989125,0.000325,-92.872000
0.129536,4.989125,0.000340,-96.538000
0.130048,4.989125,0.000370,-94.094000
0.130560,4.989125,0.000370,-102.648000
0.131072,4.989125,0.000390,-106.314000
0.131584,4.989125,0.000445,-112.424000
0.132096,4.989125,0.000485,-108.758000
0.132608,4.989125,0.000485,-106.314000
0.133120,4.989125,0.000485,-96.538000
0.133632,4.989125,0.000490,-102.648000
0.134144,4.989125,0.000500,-102.648000
0.134656,4.989125,0.000505,-106.314000
0.135168,4.989125,0.000535,-105.092000
0.135680,4.989125,0.000560,-108.758000
0.136192,4.989125,0.000600,-114.868000
0.136704,4.989125,0.000550,-102.648000
0.137216,4.989125,0.000505,-96.538000
0.137728,4.989125,0.000495,-105.092000
0.138240,4.989125,0.000475,-105.092000
0.138752,4.989125,0.000475,-106.314000
0.139264,4.989125,0.000455,-105.092000
0.139776,4.989125,0.000455,-106.314000
0.140288,4.989125,0.000420,-100.204000
0.140800,4.989125,0.000365,-98.982000
0.141312,4.989125,0.000330,-105.092000
0.141824,4.989125,0.000305,-96.538000
0.142336,4.989125,0.000260,-92.872000
0.142848,4.989125,0.000200,-84.318000
0.143360,4.989125,0.000175,-92.872000
0.143872,4.989125,0.000165,-94.094000
0.144384,4.989125,0.000090,-80.652000
0.144896,4.989125,0.000030,-84.318000
0.145408,4.989125,-0.000020,-80.652000
0.145920,4.989125,-0.000070,-80.652000
0.146432,4.989125,-0.000130,-84.318000
0.146944,4.989125,-0.000170,-74.542000
0.147456,4.989125,-0.000180,-80.652000
0.147968,4.989125,-0.000185,-80.652000
0.148480,4.989125,-0.000240,-84.318000
0.148992,4.989125,-0.000310,-68.432000
0.149504,4.989125,-0.000345,-75.764000
0.150016,4.989125,-0.000370,-74.542000
0.150528,4.989125,-0.000395,-72.098000
0.151040,4.989125,-0.000380,-74.542000
0.151552,4.989125,-0.000355,-81.874000
0.152064,4.989125,-0.000335,-81.874000
0.152576,4.989125,-0.000395,-68.432000
0.153088,4.989125,-0.000440,-63.544000
0.153600,4.989125,-0.000455,-75.764000
0.154112,4.989125,-0.000460,-74.542000
0.154624,4.989125,-0.000445,-72.098000
0.155136,4.989125,-0.000445,-78.208000
0.155648,4.989125,-0.000420,-72.098000
0.156160,4.989125,-0.000430,-78.208000
0.156672,4.989125,-0.000475,-68.432000
0.157184,4.989125,-0.000480,-68.432000
0.157696,4.989125,-0.000480,-72.098000
0.158208,4.989125,-0.000480,-74.542000
0.158720,4.989125,-0.000490,-74.542000
0.159232,4.989125,-0.000470,-74.542000
0.159744,4.989125,-0.000425,-75.764000
0.160256,4.989125,-0.000445,-72.098000
0.160768,4.989125,-0.000465,-72.098000
0.161280,4.989125,-0.000460,-72.098000
0.161792,4.989125,-0.000465,-69.654000
0.162304,4.989125,-0.000475,-72.098000
0.162816,4.989125,-0.000480,-68.432000
0.163328,4.989125,-0.000430,-78.208000
0.163840,4.989125,-0.000385,-84.318000
0.164352,4.989125,-0.000380,-72.098000
0.164864,4.989125,-0.000410,-65.988000
0.165376,4.989125,-0.000395,-68.432000
0.165888,4.989125,-0.000390,-75.764000
0.166400,4.989125,-0.000370,-72.098000
0.166912,4.989125,-0.000350,-72.098000
0.167424,4.989125,-0.000290,-78.208000
0.167936,4.989125,-0.000230,-80.652000
0.168448,4.989125,-0.000225,-81.874000
0.168960,4.989125,-0.000270,-65.988000
0.169472,4.989125,-0.000255,-78.208000
0.169984,4.989125,-0.000230,-80.652000
0.170496,4.989125,-0.000220,-75.764000
0.171008,4.989125,-0.000190,-86.762000
0.171520,4.989125,-0.000190,-81.874000
0.172032,4.989125,-0.000160,-86.762000
0.172544,4.989125,-0.000190,-74.542000
0.173056,4.989125,-0.000200,-69.654000
0.173568,4.989125,-0.000185,-78.208000
0.174080,4.989125,-0.000180,-74.542000
0.174592,4.989125,-0.000205,-69.654000
0.175104,4.989125,-0.000205,-75.764000
0.175616,4.989125,-0.000200,-84.318000
0.176128,4.989125,-0.000195,-78.208000
0.176640,4.989125,-0.000220,-72.098000
0.177152,4.989125,-0.000235,-69.654000
0.177664,4.989125,-0.000255,-72.098000
0.178176,4.989125,-0.000260,-75.764000
0.178688,4.989125,-0.000295,-65.988000
0.179200,4.989125,-0.000310,-72.098000
0.179712,4.989125,-0.000295,-78.208000
0.180224,4.989125,-0.000310,-74.542000
0.180736,4.989125,-0.000355,-63.544000
0.181248,4.989125,-0.000375,-62.322000
0.181760,4.989125,-0.000395,-68.432000
0.182272,4.989125,-0.000410,-68.432000
0.182784,4.989125,-0.000440,-68.432000
0.183296,4.989125,-0.000435,-63.544000
0.183808,4.989125,-0.000415,-69.654000
0.184320,4.989125,-0.000425,-65.988000
0.184832,4.989125,-0.000485,-56.212000
0.185344,4.989125,-0.000490,-63.544000
0.185856,4.989125,-0.000485,-65.988000
0.186368,4.989125,-0.000495,-59.878000
0.186880,4.989125,-0.000490,-63.544000
0.187392,4.989125,-0.000505,-59.878000
0.187904,4.989125,-0.000495,-63.544000
0.188416,4.989125,-0.000525,-56.212000
0.188928,4.989125,-0.000540,-59.878000
0.189440,4.989125,-0.000515,-65.988000
0.189952,4.989125,-0.000495,-59.878000
0.190464,4.989125,-0.000510,-59.878000
0.190976,4.989125,-0.000505,-57.434000
0.191488,4.989125,-0.000490,-62.322000
0.192000,4.989125,-0.000470,-69.654000
0.192512,4.989125,-0.000485,-57.434000
0.193024,4.989125,-0.000485,-57.434000
0.193536,4.989125,-0.000475,-63.544000
0.194048,4.989125,-0.000465,-59.878000
0.194560,4.989125,-0.000485,-59.878000
0.195072,4.989125,-0.000490,-57.434000
0.195584,4.989125,-0.000460,-68.432000
0.196096,4.989125,-0.000440,-68.432000
0.196608,4.989125,-0.000455,-59.878000
0.197120,4.989125,-0.000465,-59.878000
0.197632,4.989125,-0.000445,-62.322000
0.198144,4.989125,-0.000440,-57.434000
0.198656,4.989125,-0.000430,-65.988000
0.199168,4.989125,-0.000395,-63.544000
0.199680,4.989125,-0.000360,-65.988000
0.200192,4.989125,-0.000320,-68.432000
0.200704,4.987851,-0.000345,-65.988000
0.201216,4.980487,-0.000350,-53.768000
0.201728,4.966570,-0.000320,-59.878000
0.202240,4.946101,-0.000285,-59.878000
0.202752,4.919076,-0.000225,-53.768000
0.203264,4.885499,-0.000170,-53.768000
0.203776,4.845367,-0.000100,-50.102000
0.204288,4.798684,-0.000035,-50.102000
0.204800,4.745445,0.000010,-39.104000
0.205312,4.685652,0.000095,-47.658000
0.205824,4.619308,0.000205,-47.658000
0.206336,4.546408,0.000315,-45.214000
0.206848,4.466955,0.000405,-47.658000
0.207360,4.380949,0.000495,-39.104000
0.207872,4.288390,0.000595,-35.438000
0.208384,4.189278,0.000715,-35.438000
0.208896,4.087041,0.000785,-32.994000
0.209408,3.984806,0.000835,-29.328000
0.209920,3.882569,0.000905,-32.994000
0.210432,3.780334,0.000975,-32.994000
0.210944,3.678097,0.001010,-29.328000
0.211456,3.575861,0.001075,-32.994000
0.211968,3.473625,0.001080,-26.884000
0.212480,3.371389,0.001085,-26.884000
0.212992,3.269152,0.001100,-17.108000
0.213504,3.166915,0.001120,-25.662000
0.214016,3.064680,0.001125,-19.552000
0.214528,2.962443,0.001100,-25.662000
0.215040,2.860208,0.001065,-13.442000
0.215552,2.757971,0.001015,-7.332000
0.216064,2.655736,0.000970,-10.998000
0.216576,2.553499,0.000940,-7.332000
0.217088,2.451263,0.000905,-2.444000
0.217600,2.349027,0.000870,-4.888000
0.218112,2.246791,0.000840,-1.222000
0.218624,2.144554,0.000820,-1.222000
0.219136,2.042319,0.000785,-1.222000
0.219648,1.940082,0.000760,3.666000
0.220160,1.837847,0.000745,4.888000
0.220672,1.735610,0.000740,4.888000
0.221184,1.633374,0.000720,7.332000
0.221696,1.531138,0.000700,4.888000
0.222208,1.428901,0.000700,4.888000
0.222720,1.326665,0.000685,10.998000
0.223232,1.224428,0.000670,13.442000
0.223744,1.122193,0.000645,15.886000
0.224256,1.019956,0.000625,15.886000
0.224768,0.917721,0.000600,21.996000
0.225280,0.815484,0.000575,19.552000
0.225792,0.715470,0.000565,23.218000
0.226304,0.621907,0.000555,15.886000
0.226816,0.534900,0.000550,13.442000
0.227328,0.454444,0.000550,13.442000
0.227840,0.380543,0.000540,-1.222000
0.228352,0.313194,0.000545,1.222000
0.228864,0.252400,0.000525,7.332000
0.229376,0.198160,0.000520,-4.888000
0.229888,0.150472,0.000500,-1.222000
0.230400,0.109339,0.000480,-7.332000
0.230912,0.074759,0.000465,-10.998000
0.231424,0.046733,0.000435,-8.554000
0.231936,0.025259,0.000400,-13.442000
0.232448,0.010340,0.000365,-19.552000
0.232960,0.001974,0.000330,-20.774000
0.233472,0.000000,0.000290,-23.218000
0.233984,0.000000,0.000255,-23.218000
0.234496,0.000000,0.000225,-23.218000
0.235008,0.000000,0.000205,-23.218000
0.235520,0.000000,0.000185,-23.218000
0.236032,0.000000,0.000180,-25.662000
0.236544,0.000000,0.000180,-20.774000
0.237056,0.000000,0.000180,-26.884000
0.237568,0.000000,0.000185,-26.884000
0.238080,0.000000,0.000195,-26.884000
0.238592,0.000000,0.000200,-29.328000
0.239104,0.000000,0.000200,-26.884000
0.239616,0.000000,0.000200,-29.328000
0.240128,0.000000,0.000200,-23.218000
0.240640,0.000000,0.000205,-29.328000
0.241152,0.000000,0.000210,-26.884000
0.241664,0.000000,0.000215,-31.772000
0.242176,0.000000,0.000215,-29.328000
0.242688,0.000000,0.000215,-29.328000
0.243200,0.000000,0.000215,-26.884000
0.243712,0.000000,0.000225,-31.772000
0.244224,0.000000,0.000230,-29.328000
0.244736,0.000000,0.000235,-31.772000
0.245248,0.000000,0.000235,-26.884000
0.245760,0.000000,0.000235,-29.328000
0.246272,0.000000,0.000235,-31.772000
0.246784,0.000000,0.000235,-29.328000
0.247296,0.000000,0.000235,-29.328000
0.247808,0.000000,0.000235,-26.884000
0.248320,0.000000,0.000240,-26.884000
0.248832,0.000000,0.000235,-32.994000
0.249344,0.000000,0.000230,-29.328000
0.249856,0.000000,0.000225,-26.884000
0.250368,0.000000,0.000225,-29.328000
0.250880,0.000000,0.000225,-26.884000
0.251392,0.000000,0.000225,-29.328000
0.251904,0.000000,0.000220,-29.328000
0.252416,0.000000,0.000210,-26.884000
0.252928,0.000000,0.000210,-26.884000
0.253440,0.000000,0.000205,-25.662000
0.253952,0.000000,0.000205,-26.884000
0.254464,0.000000,0.000210,-26.884000
0.254976,0.000000,0.000205,-26.884000
0.255488,0.000000,0.000195,-29.328000
0.256000,0.000000,0.000190,-29.328000
0.256512,0.000000,0.000190,-29.328000
0.257024,0.000000,0.000185,-26.884000
0.257536,0.000000,0.000175,-29.328000
0.258048,0.000000,0.000165,-25.662000
0.258560,0.000000,0.000160,-26.884000
0.259072,0.000000,0.000140,-26.884000
0.259584,0.000000,0.000125,-31.772000
0.260096,0.000000,0.000110,-26.884000
0.260608,0.000000,0.000100,-20.774000
0.261120,0.000000,0.000085,-25.662000
0.261632,0.000000,0.000075,-26.884000
0.262144,0.000000,0.000055,-19.552000
0.262656,0.000000,0.000040,-25.662000
0.263168,0.000000,0.000025,-20.774000
0.263680,0.000000,0.000015,-23.218000
0.264192,0.000000,0.000005,-19.552000
0.264704,0.000000,-0.000005,-23.218000
0.265216,0.000000,-0.000010,-19.552000
0.265728,0.000000,-0.000015,-19.552000
0.266240,0.000000,-0.000015,-20.774000
0.266752,0.000000,-0.000015,-20.774000
0.267264,0.000000,-0.000015,-26.884000
0.267776,0.000000,-0.000005,-26.884000
0.268288,0.000000,-0.000005,-20.774000
0.268800,0.000000,-0.000005,-23.218000
0.269312,0.000000,-0.000005,-23.218000
0.269824,0.000000,-0.000010,-26.884000
0.270336,0.000000,-0.000005,-25.662000
0.270848,0.000000,0.000000,-29.328000
0.271360,0.000000,0.000005,-23.218000
0.271872,0.000000,0.000010,-23.218000
0.272384,0.000000,0.000010,-26.884000
0.272896,0.000000,0.000010,-31.772000
0.273408,0.000000,0.000010,-23.218000
0.273920,0.000000,0.000025,-26.884000
0.274432,0.000000,0.000025,-23.218000
0.274944,0.000000,0.000035,-26.884000
0.275456,0.000000,0.000045,-26.884000
0.275968,0.000000,0.000050,-23.218000
0.276480,0.000000,0.000050,-17.108000
0.276992,0.000000,0.000055,-23.218000
0.277504,0.000000,0.000060,-29.328000
0.278016,0.000000,0.000060,-29.328000
0.278528,0.000000,0.000060,-26.884000
0.279040,0.000000,0.000065,-23.218000
0.279552,0.000000,0.000070,-26.884000
0.280064,0.000000,0.000080,-23.218000
0.280576,0.000000,0.000085,-23.218000
0.281088,0.000000,0.000090,-29.328000
0.281600,0.000000,0.000090,-29.328000
0.282112,0.000000,0.000095,-29.328000
0.282624,0.000000,0.000095,-23.218000
0.283136,0.000000,0.000095,-31.772000
0.283648,0.000000,0.000095,-26.884000
0.284160,0.000000,0.000095,-26.884000
0.284672,0.000000,0.000095,-25.662000
0.285184,0.000000,0.000095,-26.884000
0.285696,0.000000,0.000095,-25.662000
0.286208,0.000000,0.000090,-26.884000
0.286720,0.000000,0.000090,-25.662000
0.287232,0.000000,0.000085,-29.328000
0.287744,0.000000,0.000085,-29.328000
0.288256,0.000000,0.000085,-25.662000
0.288768,0.000000,0.000085,-26.884000
0.289280,0.000000,0.000080,-26.884000
0.289792,0.000000,0.000080,-26.884000
0.290304,0.000000,0.000070,-26.884000
0.290816,0.000000,0.000065,-23.218000
0.291328,0.000000,0.000065,-25.662000
0.291840,0.000000,0.000065,-23.218000
0.292352,0.000000,0.000065,-26.884000
0.292864,0.000000,0.000055,-29.328000
0.293376,0.000000,0.000055,-25.662000
0.293888,0.000000,0.000050,-23.218000
0.294400,0.000000,0.000045,-25.662000
0.294912,0.000000,0.000040,-26.884000
0.295424,0.000000,0.000035,-26.884000
0.295936,0.000000,0.000030,-25.662000
0.296448,0.000000,0.000020,-26.884000
0.296960,0.000000,0.000015,-29.328000
0.297472,0.000000,0.000010,-23.218000
0.297984,0.000000,0.000000,-20.774000
0.298496,0.000000,0.000000,-23.218000
0.299008,0.000000,0.000000,-26.884000
0.299520,0.000000,-0.000005,-23.218000
0.300032,0.000000,-0.000015,-20.774000
0.300544,0.000000,-0.000015,-23.218000
0.301056,0.000000,-0.000020,-23.218000
0.301568,0.000000,-0.000025,-25.662000
0.302080,0.000000,-0.000025,-26.884000
0.302592,0.000000,-0.000025,-20.774000
0.303104,0.000000,-0.000025,-26.884000
0.303616,0.000000,-0.000030,-23.218000
0.304128,0.000000,-0.000025,-19.552000
0.304640,0.000000,-0.000025,-26.884000
0.305152,0.000000,-0.000025,-23.218000
0.305664,0.000000,-0.000025,-26.884000
0.306176,0.000000,-0.000025,-23.218000
0.306688,0.000000,-0.000025,-25.662000
0.307200,0.000000,-0.000020,-20.774000
0.307712,0.000000,-0.000020,-25.662000
0.308224,0.000000,-0.000020,-19.552000
0.308736,0.000000,-0.000015,-25.662000
0.309248,0.000000,-0.000015,-20.774000
0.309760,0.000000,-0.000010,-20.774000
0.310272,0.000000,-0.000010,-20.774000
0.310784,0.000000,-0.000010,-20.774000
0.311296,0.000000,-0.000005,-29.328000
0.311808,0.000000,0.000000,-26.884000
0.312320,0.000000,0.000000,-23.218000
0.312832,0.000000,0.000000,-23.218000
0.313344,0.000000,0.000000,-25.662000
0.313856,0.000000,0.000005,-25.662000
0.314368,0.000000,0.000015,-31.772000
0.314880,0.000000,0.000015,-26.884000
0.315392,0.000000,0.000020,-23.218000
0.315904,0.000000,0.000020,-23.218000
0.316416,0.000000,0.000020,-29.328000
0.316928,0.000000,0.000020,-23.218000
0.317440,0.000000,0.000020,-25.662000
0.317952,0.000000,0.000020,-23.218000
0.318464,0.000000,0.000025,-26.884000
0.318976,0.000000,0.000025,-26.884000
0.319488,0.000000,0.000025,-23.218000
0.320000,0.000000,0.000025,-25.662000
0.320512,0.000000,0.000025,-26.884000
0.321024,0.000000,0.000025,-23.218000
0.321536,0.000000,0.000025,-20.774000
0.322048,0.000000,0.000020,-25.662000
0.322560,0.000000,0.000020,-29.328000
0.323072,0.000000,0.000020,-26.884000
0.323584,0.000000,0.000020,-23.218000
0.324096,0.000000,0.000020,-29.328000
0.324608,0.000000,0.000015,-19.552000
0.325120,0.000000,0.000010,-23.218000
0.325632,0.000000,0.000010,-20.774000
0.326144,0.000000,0.000010,-25.662000
0.326656,0.000000,0.000010,-20.774000
0.327168,0.000000,0.000010,-20.774000
0.327680,0.000000,0.000000,-26.884000
0.328192,0.000000,0.000000,-20.774000
0.328704,0.000000,-0.000005,-31.772000
0.329216,0.000000,-0.000005,-26.884000
0.329728,0.000000,-0.000015,-20.774000
0.330240,0.000000,-0.000015,-25.662000
0.330752,0.000000,-0.000015,-14.664000
0.331264,0.000000,-0.000015,-19.552000
0.331776,0.000000,-0.000020,-23.218000
0.332288,0.000000,-0.000025,-25.662000
0.332800,0.000000,-0.000030,-26.884000
0.333312,0.000000,-0.000040,-17.108000
0.333824,0.000000,-0.000045,-23.218000
0.334336,0.000000,-0.000045,-26.884000
0.334848,0.000000,-0.000055,-23.218000
0.335360,0.000000,-0.000065,-20.774000
0.335872,0.000000,-0.000070,-25.662000
0.336384,0.000000,-0.000080,-19.552000
0.336896,0.000000,-0.000085,-25.662000
0.337408,0.000000,-0.000085,-20.774000
0.337920,0.000000,-0.000090,-20.774000
0.338432,0.000000,-0.000090,-17.108000
0.338944,0.000000,-0.000090,-20.774000
0.339456,0.000000,-0.000095,-23.218000
0.339968,0.000000,-0.000095,-20.774000
0.340480,0.000000,-0.000095,-26.884000
0.340992,0.000000,-0.000095,-23.218000
0.341504,0.000000,-0.000100,-23.218000
0.342016,0.000000,-0.000100,-23.218000
0.342528,0.000000,-0.000095,-23.218000
0.343040,0.000000,-0.000095,-19.552000
0.343552,0.000000,-0.000095,-17.108000
0.344064,0.000000,-0.000095,-19.552000
0.344576,0.000000,-0.000090,-19.552000
0.345088,0.000000,-0.000085,-20.774000
0.345600,0.000000,-0.000085,-23.218000
0.346112,0.000000,-0.000080,-20.774000
0.346624,0.000000,-0.000080,-20.774000
0.347136,0.000000,-0.000080,-23.218000
0.347648,0.000000,-0.000080,-20.774000
0.348160,0.000000,-0.000075,-19.552000
0.348672,0.000000,-0.000070,-25.662000
0.349184,0.000000,-0.000065,-25.662000
0.349696,0.000000,-0.000060,-26.884000
0.350208,0.000000,-0.000060,-23.218000
0.350720,0.000000,-0.000060,-25.662000
0.351232,0.000000,-0.000060,-17.108000
0.351744,0.000000,-0.000055,-20.774000
0.352256,0.000000,-0.000050,-26.884000
0.352768,0.000000,-0.000045,-17.108000
0.353280,0.000000,-0.000045,-23.218000
0.353792,0.000000,-0.000045,-25.662000
0.354304,0.000000,-0.000040,-26.884000
0.354816,0.000000,-0.000040,-25.662000
0.355328,0.000000,-0.000040,-20.774000
0.355840,0.000000,-0.000035,-17.108000
0.356352,0.000000,-0.000035,-23.218000
0.356864,0.000000,-0.000035,-23.218000
0.357376,0.000000,-0.000035,-20.774000
0.357888,0.000000,-0.000035,-23.218000
0.358400,0.000000,-0.000035,-20.774000
0.358912,0.000000,-0.000030,-23.218000
0.359424,0.000000,-0.000030,-25.662000
0.359936,0.000000,-0.000030,-20.774000
0.360448,0.000000,-0.000030,-23.218000
0.360960,0.000000,-0.000040,-20.774000
0.361472,0.000000,-0.000040,-20.774000
0.361984,0.000000,-0.000040,-23.218000
0.362496,0.000000,-0.000035,-29.328000
0.363008,0.000000,-0.000040,-19.552000
0.363520,0.000000,-0.000045,-23.218000
0.364032,0.000000,-0.000045,-19.552000
0.364544,0.000000,-0.000050,-20.774000
0.365056,0.000000,-0.000050,-23.218000
0.365568,0.000000,-0.000050,-17.108000
0.366080,0.000000,-0.000050,-20.774000
0.366592,0.000000,-0.000060,-19.552000
0.367104,0.000000,-0.000060,-20.774000
0.367616,0.000000,-0.000060,-23.218000
0.368128,0.000000,-0.000065,-25.662000
0.368640,0.000000,-0.000070,-23.218000
0.369152,0.000000,-0.000070,-14.664000
0.369664,0.000000,-0.000070,-20.774000
0.370176,0.000000,-0.000065,-23.218000
0.370688,0.000000,-0.000070,-23.218000
0.371200,0.000000,-0.000070,-20.774000
0.371712,0.000000,-0.000075,-14.664000
0.372224,0.000000,-0.000080,-25.662000
0.372736,0.000000,-0.000080,-14.664000
0.373248,0.000000,-0.000080,-23.218000
0.373760,0.000000,-0.000080,-14.664000
0.374272,0.000000,-0.000075,-19.552000
0.374784,0.000000,-0.000085,-19.552000
0.375296,0.000000,-0.000085,-20.774000
0.375808,0.000000,-0.000080,-20.774000
0.376320,0.000000,-0.000075,-14.664000
0.376832,0.000000,-0.000075,-23.218000
0.377344,0.000000,-0.000075,-13.442000
0.377856,0.000000,-0.000075,-19.552000
0.378368,0.000000,-0.000075,-23.218000
0.378880,0.000000,-0.000070,-19.552000
0.379392,0.000000,-0.000075,-17.108000
0.379904,0.000000,-0.000075,-23.218000
0.380416,0.000000,-0.000065,-23.218000
0.380928,0.000000,-0.000060,-17.108000
0.381440,0.000000,-0.000060,-20.774000
0.381952,0.000000,-0.000060,-20.774000
0.382464,0.000000,-0.000060,-17.108000
0.382976,0.000000,-0.000060,-26.884000
0.383488,0.000000,-0.000055,-20.774000
0.384000,0.000000,-0.000050,-23.218000
0.384512,0.000000,-0.000045,-20.774000
0.385024,0.000000,-0.000045,-19.552000
0.385536,0.000000,-0.000045,-23.218000
0.386048,0.000000,-0.000045,-17.108000
0.386560,0.000000,-0.000035,-19.552000
0.387072,0.000000,-0.000025,-23.218000
0.387584,0.000000,-0.000025,-23.218000
0.388096,0.000000,-0.000025,-20.774000
0.388608,0.000000,-0.000020,-26.884000
0.389120,0.000000,-0.000020,-25.662000
0.389632,0.000000,-0.000015,-20.774000
0.390144,0.000000,-0.000015,-19.552000
0.390656,0.000000,-0.000015,-23.218000
0.391168,0.000000,-0.000005,-23.218000
0.391680,0.000000,0.000000,-29.328000
0.392192,0.000000,0.000000,-14.664000
0.392704,0.000000,0.000000,-23.218000
0.393216,0.000000,0.000000,-19.552000
0.393728,0.000000,0.000005,-20.774000
0.394240,0.000000,0.000005,-23.218000
0.394752,0.000000,0.000005,-20.774000
0.395264,0.000000,0.000005,-23.218000
0.395776,0.000000,0.000000,-19.552000
0.396288,0.000000,0.000000,-19.552000
0.396800,0.000000,0.000000,-20.774000
0.397312,0.000000,0.000005,-25.662000
0.397824,0.000000,0.000005,-25.662000
0.398336,0.000000,-0.000005,-23.218000
0.398848,0.000000,-0.000010,-17.108000
0.399360,0.000000,-0.000010,-23.218000
0.399872,0.000000,-0.000005,-23.218000
0.400384,0.000000,-0.000005,-19.552000
0.400896,0.000000,-0.000010,-20.774000
0.401408,0.000000,-0.000015,-26.884000
0.401920,0.000000,-0.000025,-23.218000
0.402432,0.000000,-0.000025,-17.108000
0.402944,0.000000,-0.000025,-23.218000
0.403456,0.000000,-0.000025,-23.218000
0.403968,0.000000,-0.000025,-17.108000
0.404480,0.000000,-0.000035,-14.664000
0.404992,0.000000,-0.000035,-19.552000
0.405504,0.000000,-0.000035,-17.108000
0.406016,0.000000,-0.000035,-23.218000
0.406528,0.000000,-0.000040,-14.664000
0.407040,0.000000,-0.000040,-20.774000
0.407552,0.000000,-0.000045,-20.774000
0.408064,0.000000,-0.000050,-14.664000
0.408576,0.000000,-0.000050,-23.218000
0.409088,0.000000,-0.000050,-23.218000
0.409600,0.000000,-0.000050,-23.218000
0.410112,0.000000,-0.000050,-20.774000
0.410624,0.000000,-0.000055,-13.442000
0.411136,0.000000,-0.000055,-23.218000
0.411648,0.000000,-0.000055,-23.218000
0.412160,0.000000,-0.000055,-17.108000
0.412672,0.000000,-0.000055,-19.552000
0.413184,0.000000,-0.000055,-14.664000
0.413696,0.000000,-0.000055,-19.552000
0.414208,0.000000,-0.000055,-29.328000
0.414720,0.000000,-0.000050,-20.774000
0.415232,0.000000,-0.000050,-23.218000
0.415744,0.000000,-0.000050,-23.218000
0.416256,0.000000,-0.000050,-19.552000
0.416768,0.000000,-0.000050,-20.774000
0.417280,0.000000,-0.000045,-17.108000
0.417792,0.000000,-0.000040,-19.552000
