Period (s),CommandedVelocity (mm/s),PositionError (mm),CommandedPosition (mm),CommandedAcceleration (mm/s2)
0.000000,0.000031,0.000005,11.001895,1.251465
0.000512,0.003964,0.000005,11.001895,14.057150
0.001024,0.014450,0.000010,11.001900,26.862836
0.001536,0.031489,0.000005,11.001910,39.668521
0.002048,0.055082,0.000010,11.001935,52.474206
0.002560,0.085229,0.000020,11.001970,65.279892
0.003072,0.121929,0.000045,11.002020,78.056473
0.003584,0.165182,0.000100,11.002095,90.862159
0.004096,0.214989,0.000150,11.002190,103.667844
0.004608,0.271352,0.000220,11.002315,116.473529
0.005120,0.334266,0.000275,11.002470,129.279215
0.005632,0.403734,0.000325,11.002660,142.055796
0.006144,0.479756,0.000370,11.002885,154.861482
0.006656,0.562331,0.000415,11.003150,167.667167
0.007168,0.651459,0.000445,11.003465,180.472853
0.007680,0.747143,0.000475,11.003820,193.278538
0.008192,0.848560,0.000500,11.004230,199.652277
0.008704,0.950795,0.000500,11.004690,199.652277
0.009216,1.053032,0.000485,11.005200,199.652277
0.009728,1.155268,0.000465,11.005770,199.652277
0.010240,1.257505,0.000435,11.006385,199.652277
0.010752,1.359740,0.000415,11.007055,199.652277
0.011264,1.461977,0.000410,11.007780,199.652277
0.011776,1.564212,0.000375,11.008550,199.652277
0.012288,1.666449,0.000340,11.009380,199.652277
0.012800,1.768684,0.000310,11.010260,199.652277
0.013312,1.870921,0.000285,11.011190,199.652277
0.013824,1.973157,0.000260,11.012175,199.652277
0.014336,2.075393,0.000240,11.013210,199.652277
0.014848,2.177630,0.000245,11.014300,199.652277
0.015360,2.279866,0.000225,11.015440,199.652277
0.015872,2.382103,0.000240,11.016635,199.652277
0.016384,2.484338,0.000250,11.017880,199.652277
0.016896,2.586575,0.000235,11.019180,199.652277
0.017408,2.688810,0.000215,11.020530,199.652277
0.017920,2.791047,0.000195,11.021930,199.652277
0.018432,2.893282,0.000205,11.023385,199.652277
0.018944,2.995519,0.000200,11.024895,199.652277
0.019456,3.097755,0.000200,11.026455,199.652277
0.019968,3.199992,0.000185,11.028065,199.652277
0.020480,3.302227,0.000180,11.029730,199.652277
0.020992,3.404464,0.000160,11.031450,199.652277
0.021504,3.506699,0.000150,11.033215,199.652277
0.022016,3.608936,0.000145,11.035040,199.652277
0.022528,3.711171,0.000150,11.036915,199.652277
0.023040,3.813408,0.000150,11.038840,199.652277
0.023552,3.915645,0.000110,11.040820,199.652277
0.024064,4.017881,0.000050,11.042850,199.652277
0.024576,4.120117,0.000050,11.044930,199.652277
0.025088,4.222058,0.000030,11.047070,195.839675
0.025600,4.319051,0.000005,11.049255,183.033990
0.026112,4.409491,-0.000025,11.051490,170.228304
0.026624,4.493377,-0.000065,11.053770,157.422619
0.027136,4.570709,-0.000100,11.056090,144.616934
0.027648,4.641488,-0.000105,11.058450,131.811248
0.028160,4.705714,-0.000135,11.060840,119.034667
0.028672,4.763386,-0.000125,11.063265,106.228981
0.029184,4.814504,-0.000085,11.065720,93.423296
0.029696,4.859067,-0.000060,11.068195,80.617610
0.030208,4.897079,-0.000055,11.070690,67.811925
0.030720,4.928537,-0.000040,11.073210,55.035343
0.031232,4.953440,-0.000005,11.075740,42.229658
0.031744,4.971790,0.000035,11.078280,29.423973
0.032256,4.983586,0.000055,11.080830,16.618287
0.032768,4.988830,0.000100,11.083380,3.812602
0.033280,4.989125,0.000155,11.085935,0.000000
0.033792,4.989125,0.000205,11.088490,0.000000
0.034304,4.989125,0.000215,11.091045,0.000000
0.034816,4.989125,0.000220,11.093600,0.000000
0.035328,4.989125,0.000250,11.096155,0.000000
0.035840,4.989125,0.000265,11.098710,0.000000
0.036352,4.989125,0.000250,11.101260,0.000000
0.036864,4.989125,0.000235,11.103815,0.000000
0.037376,4.989125,0.000240,11.106370,0.000000
0.037888,4.989125,0.000230,11.108925,0.000000
0.038400,4.989125,0.000195,11.111480,0.000000
0.038912,4.989125,0.000165,11.114035,0.000000
0.039424,4.989125,0.000140,11.116590,0.000000
0.039936,4.989125,0.000130,11.119145,0.000000
0.040448,4.989125,0.000045,11.121700,0.000000
0.040960,4.989125,0.000015,11.124250,0.000000
0.041472,4.989125,-0.000010,11.126805,0.000000
0.041984,4.989125,-0.000035,11.129360,0.000000
0.042496,4.989125,-0.000060,11.131915,0.000000
0.043008,4.989125,-0.000100,11.134470,0.000000
0.043520,4.989125,-0.000110,11.137025,0.000000
0.044032,4.989125,-0.000155,11.139580,0.000000
0.044544,4.989125,-0.000190,11.142135,0.000000
0.045056,4.989125,-0.000170,11.144690,0.000000
0.045568,4.989125,-0.000155,11.147240,0.000000
0.046080,4.989125,-0.000155,11.149795,0.000000
0.046592,4.989125,-0.000165,11.152350,0.000000
0.047104,4.989125,-0.000170,11.154905,0.000000
0.047616,4.989125,-0.000140,11.157460,0.000000
0.048128,4.989125,-0.000145,11.160015,0.000000
0.048640,4.989125,-0.000130,11.162570,0.000000
0.049152,4.989125,-0.000080,11.165125,0.000000
0.049664,4.989125,-0.000055,11.167680,0.000000
0.050176,4.989125,-0.000050,11.170230,0.000000
0.050688,4.989125,-0.000045,11.172785,0.000000
0.051200,4.989125,-0.000010,11.175340,0.000000
0.051712,4.989125,0.000020,11.177895,0.000000
0.052224,4.989125,0.000040,11.180450,0.000000
0.052736,4.989125,0.000035,11.183005,0.000000
0.053248,4.989125,0.000065,11.185560,0.000000
0.053760,4.989125,0.000095,11.188115,0.000000
0.054272,4.989125,0.000105,11.190670,0.000000
0.054784,4.989125,0.000110,11.193220,0.000000
0.055296,4.989125,0.000135,11.195775,0.000000
0.055808,4.989125,0.000175,11.198330,0.000000
0.056320,4.989125,0.000165,11.200885,0.000000
0.056832,4.989125,0.000140,11.203440,0.000000
0.057344,4.989125,0.000160,11.205995,0.000000
0.057856,4.989125,0.000185,11.208550,0.000000
0.058368,4.989125,0.000200,11.211105,0.000000
0.058880,4.989125,0.000200,11.213655,0.000000
0.059392,4.989125,0.000185,11.216210,0.000000
0.059904,4.989125,0.000195,11.218765,0.000000
0.060416,4.989125,0.000160,11.221320,0.000000
0.060928,4.989125,0.000160,11.223875,0.000000
0.061440,4.989125,0.000195,11.226430,0.000000
0.061952,4.989125,0.000210,11.228985,0.000000
0.062464,4.989125,0.000185,11.231540,0.000000
0.062976,4.989125,0.000170,11.234095,0.000000
0.063488,4.989125,0.000180,11.236645,0.000000
0.064000,4.989125,0.000155,11.239200,0.000000
0.064512,4.989125,0.000130,11.241755,0.000000
0.065024,4.989125,0.000125,11.244310,0.000000
0.065536,4.989125,0.000115,11.246865,0.000000
0.066048,4.989125,0.000115,11.249420,0.000000
0.066560,4.989125,0.000075,11.251975,0.000000
0.067072,4.989125,0.000065,11.254530,0.000000
0.067584,4.989125,0.000045,11.257085,0.000000
0.068096,4.989125,0.000020,11.259635,0.000000
0.068608,4.989125,-0.000035,11.262190,0.000000
0.069120,4.989125,-0.000055,11.264745,0.000000
0.069632,4.989125,-0.000065,11.267300,0.000000
0.070144,4.989125,-0.000080,11.269855,0.000000
0.070656,4.989125,-0.000110,11.272410,0.000000
0.071168,4.989125,-0.000120,11.274965,0.000000
0.071680,4.989125,-0.000120,11.277520,0.000000
0.072192,4.989125,-0.000165,11.280075,0.000000
0.072704,4.989125,-0.000250,11.282625,0.000000
0.073216,4.989125,-0.000250,11.285180,0.000000
0.073728,4.989125,-0.000250,11.287735,0.000000
0.074240,4.989125,-0.000260,11.290290,0.000000
0.074752,4.989125,-0.000270,11.292845,0.000000
0.075264,4.989125,-0.000315,11.295400,0.000000
0.075776,4.989125,-0.000335,11.297955,0.000000
0.076288,4.989125,-0.000405,11.300510,0.000000
0.076800,4.989125,-0.000445,11.303065,0.000000
0.077312,4.989125,-0.000425,11.305615,0.000000
0.077824,4.989125,-0.000420,11.308170,0.000000
0.078336,4.989125,-0.000465,11.310725,0.000000
0.078848,4.989125,-0.000490,11.313280,0.000000
0.079360,4.989125,-0.000515,11.315835,0.000000
0.079872,4.989125,-0.000545,11.318390,0.000000
0.080384,4.989125,-0.000595,11.320945,0.000000
0.080896,4.989125,-0.000590,11.323500,0.000000
0.081408,4.989125,-0.000590,11.326050,0.000000
0.081920,4.989125,-0.000585,11.328605,0.000000
0.082432,4.989125,-0.000605,11.331160,0.000000
0.082944,4.989125,-0.000595,11.333715,0.000000
0.083456,4.989125,-0.000580,11.336270,0.000000
0.083968,4.989125,-0.000575,11.338825,0.000000
0.084480,4.989125,-0.000595,11.341380,0.000000
0.084992,4.989125,-0.000580,11.343935,0.000000
0.085504,4.989125,-0.000535,11.346490,0.000000
0.086016,4.989125,-0.000500,11.349040,0.000000
0.086528,4.989125,-0.000460,11.351595,0.000000
0.087040,4.989125,-0.000405,11.354150,0.000000
0.087552,4.989125,-0.000345,11.356705,0.000000
0.088064,4.989125,-0.000290,11.359260,0.000000
0.088576,4.989125,-0.000295,11.361815,0.000000
0.089088,4.989125,-0.000230,11.364370,0.000000
0.089600,4.989125,-0.000170,11.366925,0.000000
0.090112,4.989125,-0.000105,11.369480,0.000000
0.090624,4.989125,-0.000030,11.372030,0.000000
0.091136,4.989125,0.000015,11.374585,0.000000
0.091648,4.989125,0.000080,11.377140,0.000000
0.092160,4.989125,0.000110,11.379695,0.000000
0.092672,4.989125,0.000120,11.382250,0.000000
0.093184,4.989125,0.000185,11.384805,0.000000
0.093696,4.989125,0.000250,11.387360,0.000000
0.094208,4.989125,0.000300,11.389915,0.000000
0.094720,4.989125,0.000315,11.392470,0.000000
0.095232,4.989125,0.000340,11.395020,0.000000
0.095744,4.989125,0.000390,11.397575,0.000000
0.096256,4.989125,0.000395,11.400130,0.000000
0.096768,4.989125,0.000405,11.402685,0.000000
0.097280,4.989125,0.000445,11.405240,0.000000
0.097792,4.989125,0.000460,11.407795,0.000000
0.098304,4.989125,0.000475,11.410350,0.000000
0.098816,4.989125,0.000470,11.412905,0.000000
0.099328,4.989125,0.000490,11.415460,0.000000
0.099840,4.989125,0.000515,11.418010,0.000000
0.100352,4.989125,0.000515,11.420565,0.000000
0.100864,4.989125,0.000490,11.423120,0.000000
0.101376,4.989125,0.000495,11.425675,0.000000
0.101888,4.989125,0.000505,11.428230,0.000000
0.102400,4.989125,0.000495,11.430785,0.000000
0.102912,4.989125,0.000480,11.433340,0.000000
0.103424,4.989125,0.000490,11.435895,0.000000
0.103936,4.989125,0.000510,11.438445,0.000000
0.104448,4.989125,0.000485,11.441000,0.000000
0.104960,4.989125,0.000425,11.443555,0.000000
0.105472,4.989125,0.000415,11.446110,0.000000
0.105984,4.989125,0.000410,11.448665,0.000000
0.106496,4.989125,0.000390,11.451220,0.000000
0.107008,4.989125,0.000390,11.453775,0.000000
0.107520,4.989125,0.000360,11.456330,0.000000
0.108032,4.989125,0.000335,11.458885,0.000000
0.108544,4.989125,0.000280,11.461435,0.000000
0.109056,4.989125,0.000250,11.463990,0.000000
0.109568,4.989125,0.000250,11.466545,0.000000
0.110080,4.989125,0.000240,11.469100,0.000000
0.110592,4.989125,0.000190,11.471655,0.000000
0.111104,4.989125,0.000155,11.474210,0.000000
0.111616,4.989125,0.000150,11.476765,0.000000
0.112128,4.989125,0.000115,11.479320,0.000000
0.112640,4.989125,0.000070,11.481875,0.000000
0.113152,4.989125,0.000040,11.484425,0.000000
0.113664,4.989125,0.000005,11.486980,0.000000
0.114176,4.989125,-0.000020,11.489535,0.000000
0.114688,4.989125,-0.000065,11.492090,0.000000
0.115200,4.989125,-0.000080,11.494645,0.000000
0.115712,4.989125,-0.000080,11.497200,0.000000
0.116224,4.989125,-0.000100,11.499755,0.000000
0.116736,4.989125,-0.000145,11.502310,0.000000
0.117248,4.989125,-0.000155,11.504865,0.000000
0.117760,4.989125,-0.000160,11.507415,0.000000
0.118272,4.989125,-0.000175,11.509970,0.000000
0.118784,4.989125,-0.000185,11.512525,0.000000
0.119296,4.989125,-0.000155,11.515080,0.000000
0.119808,4.989125,-0.000110,11.517635,0.000000
0.120320,4.989125,-0.000115,11.520190,0.000000
0.120832,4.989125,-0.000145,11.522745,0.000000
0.121344,4.989125,-0.000115,11.525300,0.000000
0.121856,4.989125,-0.000090,11.527855,0.000000
0.122368,4.989125,-0.000075,11.530405,0.000000
0.122880,4.989125,-0.000045,11.532960,0.000000
0.123392,4.989125,-0.000040,11.535515,0.000000
0.123904,4.989125,0.000010,11.538070,0.000000
0.124416,4.989125,0.000015,11.540625,0.000000
0.124928,4.989125,0.000020,11.543180,0.000000
0.125440,4.989125,0.000075,11.545735,0.000000
0.125952,4.989125,0.000120,11.548290,0.000000
0.126464,4.989125,0.000120,11.550840,0.000000
0.126976,4.989125,0.000130,11.553395,0.000000
0.127488,4.989125,0.000165,11.555950,0.000000
0.128000,4.989125,0.000220,11.558505,0.000000
0.128512,4.989125,0.000230,11.561060,0.000000
0.129024,4.989125,0.000255,11.563615,0.000000
0.129536,4.989125,0.000295,11.566170,0.000000
0.130048,4.989125,0.000330,11.568725,0.000000
0.130560,4.989125,0.000330,11.571280,0.000000
0.131072,4.989125,0.000345,11.573830,0.000000
0.131584,4.989125,0.000400,11.576385,0.000000
0.132096,4.989125,0.000435,11.578940,0.000000
0.132608,4.989125,0.000450,11.581495,0.000000
0.133120,4.989125,0.000455,11.584050,0.000000
0.133632,4.989125,0.000480,11.586605,0.000000
0.134144,4.989125,0.000490,11.589160,0.000000
0.134656,4.989125,0.000495,11.591715,0.000000
0.135168,4.989125,0.000515,11.594270,0.000000
0.135680,4.989125,0.000535,11.596820,0.000000
0.136192,4.989125,0.000575,11.599375,0.000000
0.136704,4.989125,0.000535,11.601930,0.000000
0.137216,4.989125,0.000515,11.604485,0.000000
0.137728,4.989125,0.000515,11.607040,0.000000
0.138240,4.989125,0.000510,11.609595,0.000000
0.138752,4.989125,0.000505,11.612150,0.000000
0.139264,4.989125,0.000475,11.614705,0.000000
0.139776,4.989125,0.000450,11.617260,0.000000
0.140288,4.989125,0.000410,11.619810,0.000000
0.140800,4.989125,0.000350,11.622365,0.000000
0.141312,4.989125,0.000330,11.624920,0.000000
0.141824,4.989125,0.000315,11.627475,0.000000
0.142336,4.989125,0.000285,11.630030,0.000000
0.142848,4.989125,0.000230,11.632585,0.000000
0.143360,4.989125,0.000200,11.635140,0.000000
0.143872,4.989125,0.000205,11.637695,0.000000
0.144384,4.989125,0.000155,11.640250,0.000000
0.144896,4.989125,0.000125,11.642800,0.000000
0.145408,4.989125,0.000120,11.645355,0.000000
0.145920,4.989125,0.000105,11.647910,0.000000
0.146432,4.989125,0.000075,11.650465,0.000000
0.146944,4.989125,0.000040,11.653020,0.000000
0.147456,4.989125,0.000050,11.655575,0.000000
0.147968,4.989125,0.000070,11.658130,0.000000
0.148480,4.989125,0.000035,11.660685,0.000000
0.148992,4.989125,0.000000,11.663235,0.000000
0.149504,4.989125,-0.000010,11.665790,0.000000
0.150016,4.989125,-0.000005,11.668345,0.000000
0.150528,4.989125,-0.000010,11.670900,0.000000
0.151040,4.989125,-0.000015,11.673455,0.000000
0.151552,4.989125,0.000015,11.676010,0.000000
0.152064,4.989125,0.000040,11.678565,0.000000
0.152576,4.989125,0.000000,11.681120,0.000000
0.153088,4.989125,-0.000055,11.683675,0.000000
0.153600,4.989125,-0.000045,11.686225,0.000000
0.154112,4.989125,-0.000040,11.688780,0.000000
0.154624,4.989125,-0.000040,11.691335,0.000000
0.155136,4.989125,-0.000045,11.693890,0.000000
0.155648,4.989125,-0.000050,11.696445,0.000000
0.156160,4.989125,-0.000060,11.699000,0.000000
0.156672,4.989125,-0.000095,11.701555,0.000000
0.157184,4.989125,-0.000085,11.704110,0.000000
0.157696,4.989125,-0.000070,11.706665,0.000000
0.158208,4.989125,-0.000055,11.709215,0.000000
0.158720,4.989125,-0.000065,11.711770,0.000000
0.159232,4.989125,-0.000060,11.714325,0.000000
0.159744,4.989125,-0.000025,11.716880,0.000000
0.160256,4.989125,-0.000040,11.719435,0.000000
0.160768,4.989125,-0.000050,11.721990,0.000000
0.161280,4.989125,-0.000030,11.724545,0.000000
0.161792,4.989125,-0.000025,11.727100,0.000000
0.162304,4.989125,-0.000025,11.729655,0.000000
0.162816,4.989125,-0.000035,11.732205,0.000000
0.163328,4.989125,-0.000010,11.734760,0.000000
0.163840,4.989125,0.000020,11.737315,0.000000
0.164352,4.989125,0.000010,11.739870,0.000000
0.164864,4.989125,-0.000020,11.742425,0.000000
0.165376,4.989125,-0.000010,11.744980,0.000000
0.165888,4.989125,0.000005,11.747535,0.000000
0.166400,4.989125,0.000015,11.750090,0.000000
0.166912,4.989125,0.000020,11.752645,0.000000
0.167424,4.989125,0.000055,11.755195,0.000000
0.167936,4.989125,0.000100,11.757750,0.000000
0.168448,4.989125,0.000095,11.760305,0.000000
0.168960,4.989125,0.000045,11.762860,0.000000
0.169472,4.989125,0.000070,11.765415,0.000000
0.169984,4.989125,0.000095,11.767970,0.000000
0.170496,4.989125,0.000105,11.770525,0.000000
0.171008,4.989125,0.000125,11.773080,0.000000
0.171520,4.989125,0.000100,11.775630,0.000000
0.172032,4.989125,0.000120,11.778185,0.000000
0.172544,4.989125,0.000090,11.780740,0.000000
0.173056,4.989125,0.000075,11.783295,0.000000
0.173568,4.989125,0.000110,11.785850,0.000000
0.174080,4.989125,0.000130,11.788405,0.000000
0.174592,4.989125,0.000105,11.790960,0.000000
0.175104,4.989125,0.000110,11.793515,0.000000
0.175616,4.989125,0.000105,11.796070,0.000000
0.176128,4.989125,0.000110,11.798620,0.000000
0.176640,4.989125,0.000085,11.801175,0.000000
0.177152,4.989125,0.000075,11.803730,0.000000
0.177664,4.989125,0.000075,11.806285,0.000000
0.178176,4.989125,0.000080,11.808840,0.000000
0.178688,4.989125,0.000055,11.811395,0.000000
0.179200,4.989125,0.000050,11.813950,0.000000
0.179712,4.989125,0.000060,11.816505,0.000000
0.180224,4.989125,0.000055,11.819060,0.000000
0.180736,4.989125,0.000015,11.821610,0.000000
0.181248,4.989125,-0.000005,11.824165,0.000000
0.181760,4.989125,-0.000005,11.826720,0.000000
0.182272,4.989125,-0.000010,11.829275,0.000000
0.182784,4.989125,-0.000025,11.831830,0.000000
0.183296,4.989125,-0.000020,11.834385,0.000000
0.183808,4.989125,0.000000,11.836940,0.000000
0.184320,4.989125,0.000005,11.839495,0.000000
0.184832,4.989125,-0.000070,11.842050,0.000000
0.185344,4.989125,-0.000080,11.844600,0.000000
0.185856,4.989125,-0.000090,11.847155,0.000000
0.186368,4.989125,-0.000100,11.849710,0.000000
0.186880,4.989125,-0.000095,11.852265,0.000000
0.187392,4.989125,-0.000135,11.854820,0.000000
0.187904,4.989125,-0.000130,11.857375,0.000000
0.188416,4.989125,-0.000175,11.859930,0.000000
0.188928,4.989125,-0.000225,11.862485,0.000000
0.189440,4.989125,-0.000225,11.865040,0.000000
0.189952,4.989125,-0.000230,11.867590,0.000000
0.190464,4.989125,-0.000255,11.870145,0.000000
0.190976,4.989125,-0.000280,11.872700,0.000000
0.191488,4.989125,-0.000290,11.875255,0.000000
0.192000,4.989125,-0.000295,11.877810,0.000000
0.192512,4.989125,-0.000330,11.880365,0.000000
0.193024,4.989125,-0.000350,11.882920,0.000000
0.193536,4.989125,-0.000360,11.885475,0.000000
0.194048,4.989125,-0.000360,11.888025,0.000000
0.194560,4.989125,-0.000390,11.890580,0.000000
0.195072,4.989125,-0.000400,11.893135,0.000000
0.195584,4.989125,-0.000380,11.895690,0.000000
0.196096,4.989125,-0.000375,11.898245,0.000000
0.196608,4.989125,-0.000410,11.900800,0.000000
0.197120,4.989125,-0.000420,11.903355,0.000000
0.197632,4.989125,-0.000420,11.905910,0.000000
0.198144,4.989125,-0.000425,11.908465,0.000000
0.198656,4.989125,-0.000420,11.911015,0.000000
0.199168,4.989125,-0.000390,11.913570,0.000000
0.199680,4.989125,-0.000360,11.916125,0.000000
0.200192,4.989125,-0.000320,11.918680,0.000000
0.200704,4.987851,-0.000355,11.921235,-8.003553
0.201216,4.980487,-0.000365,11.923785,-20.809239
0.201728,4.966570,-0.000335,11.926335,-33.585820
0.202240,4.946101,-0.000320,11.928870,-46.391506
0.202752,4.919076,-0.000275,11.931400,-59.197191
0.203264,4.885499,-0.000250,11.933910,-72.002877
0.203776,4.845367,-0.000215,11.936400,-84.808562
0.204288,4.798684,-0.000190,11.938870,-97.585144
0.204800,4.745445,-0.000195,11.941310,-110.390829
0.205312,4.685652,-0.000160,11.943725,-123.196514
0.205824,4.619308,-0.000095,11.946110,-136.002200
0.206336,4.546408,-0.000030,11.948455,-148.807885
0.206848,4.466955,0.000020,11.950765,-161.584467
0.207360,4.380949,0.000090,11.953030,-174.390152
0.207872,4.288390,0.000165,11.955250,-187.195837
0.208384,4.189278,0.000270,11.957420,-199.681381
0.208896,4.087041,0.000315,11.959540,-199.681381
0.209408,3.984806,0.000375,11.961605,-199.681381
0.209920,3.882569,0.000450,11.963620,-199.681381
0.210432,3.780334,0.000520,11.965580,-199.681381
0.210944,3.678097,0.000560,11.967490,-199.681381
0.211456,3.575861,0.000635,11.969345,-199.681381
0.211968,3.473625,0.000645,11.971150,-199.681381
0.212480,3.371389,0.000670,11.972905,-199.681381
0.212992,3.269152,0.000705,11.974605,-199.681381
0.213504,3.166915,0.000715,11.976250,-199.681381
0.214016,3.064680,0.000720,11.977845,-199.681381
0.214528,2.962443,0.000700,11.979390,-199.681381
0.215040,2.860208,0.000665,11.980880,-199.681381
0.215552,2.757971,0.000600,11.982320,-199.681381
0.216064,2.655736,0.000565,11.983705,-199.681381
0.216576,2.553499,0.000530,11.985035,-199.681381
0.217088,2.451263,0.000490,11.986320,-199.681381
0.217600,2.349027,0.000445,11.987545,-199.681381
0.218112,2.246791,0.000400,11.988725,-199.681381
0.218624,2.144554,0.000365,11.989850,-199.681381
0.219136,2.042319,0.000320,11.990920,-199.681381
0.219648,1.940082,0.000285,11.991940,-199.681381
0.220160,1.837847,0.000250,11.992905,-199.681381
0.220672,1.735610,0.000245,11.993820,-199.681381
0.221184,1.633374,0.000210,11.994685,-199.681381
0.221696,1.531138,0.000185,11.995495,-199.681381
0.222208,1.428901,0.000180,11.996250,-199.681381
0.222720,1.326665,0.000165,11.996955,-199.681381
0.223232,1.224428,0.000145,11.997610,-199.681381
0.223744,1.122193,0.000130,11.998210,-199.681381
0.224256,1.019956,0.000100,11.998760,-199.681381
0.224768,0.917721,0.000085,11.999255,-199.681381
0.225280,0.815484,0.000065,11.999700,-199.681381
0.225792,0.715470,0.000055,12.000090,-189.145794
0.226304,0.621907,0.000040,12.000435,-176.340109
0.226816,0.534900,0.000035,12.000730,-163.563527
0.227328,0.454444,0.000040,12.000980,-150.757842
0.227840,0.380543,0.000035,12.001195,-137.952156
0.228352,0.313194,0.000025,12.001370,-125.146471
0.228864,0.252400,0.000030,12.001515,-112.340786
0.229376,0.198160,0.000020,12.001630,-99.564204
0.229888,0.150472,0.000010,12.001720,-86.758519
0.230400,0.109339,-0.000010,12.001785,-73.952833
0.230912,0.074759,-0.000025,12.001835,-61.147148
0.231424,0.046733,-0.000045,12.001865,-48.341462
0.231936,0.025259,-0.000070,12.001885,-35.564881
0.232448,0.010340,-0.000095,12.001890,-22.759195
0.232960,0.001974,-0.000110,12.001895,-9.953510
0.233472,0.000000,-0.000135,12.001895,0.000000
0.233984,0.000000,-0.000170,12.001895,0.000000
0.234496,0.000000,-0.000190,12.001895,0.000000
0.235008,0.000000,-0.000210,12.001895,0.000000
0.235520,0.000000,-0.000230,12.001895,0.000000
0.236032,0.000000,-0.000240,12.001895,0.000000
0.236544,0.000000,-0.000245,12.001895,0.000000
0.237056,0.000000,-0.000240,12.001895,0.000000
0.237568,0.000000,-0.000225,12.001895,0.000000
0.238080,0.000000,-0.000215,12.001895,0.000000
0.238592,0.000000,-0.000200,12.001895,0.000000
0.239104,0.000000,-0.000200,12.001895,0.000000
0.239616,0.000000,-0.000200,12.001895,0.000000
0.240128,0.000000,-0.000190,12.001895,0.000000
0.240640,0.000000,-0.000175,12.001895,0.000000
0.241152,0.000000,-0.000170,12.001895,0.000000
0.241664,0.000000,-0.000170,12.001895,0.000000
0.242176,0.000000,-0.000155,12.001895,0.000000
0.242688,0.000000,-0.000150,12.001895,0.000000
0.243200,0.000000,-0.000140,12.001895,0.000000
0.243712,0.000000,-0.000130,12.001895,0.000000
0.244224,0.000000,-0.000120,12.001895,0.000000
0.244736,0.000000,-0.000110,12.001895,0.000000
0.245248,0.000000,-0.000110,12.001895,0.000000
0.245760,0.000000,-0.000100,12.001895,0.000000
0.246272,0.000000,-0.000095,12.001895,0.000000
0.246784,0.000000,-0.000095,12.001895,0.000000
0.247296,0.000000,-0.000085,12.001895,0.000000
0.247808,0.000000,-0.000085,12.001895,0.000000
0.248320,0.000000,-0.000085,12.001895,0.000000
0.248832,0.000000,-0.000090,12.001895,0.000000
0.249344,0.000000,-0.000090,12.001895,0.000000
0.249856,0.000000,-0.000090,12.001895,0.000000
0.250368,0.000000,-0.000090,12.001895,0.000000
0.250880,0.000000,-0.000090,12.001895,0.000000
0.251392,0.000000,-0.000100,12.001895,0.000000
0.251904,0.000000,-0.000100,12.001895,0.000000
0.252416,0.000000,-0.000105,12.001895,0.000000
0.252928,0.000000,-0.000110,12.001895,0.000000
0.253440,0.000000,-0.000110,12.001895,0.000000
0.253952,0.000000,-0.000115,12.001895,0.000000
0.254464,0.000000,-0.000125,12.001895,0.000000
0.254976,0.000000,-0.000130,12.001895,0.000000
0.255488,0.000000,-0.000140,12.001895,0.000000
0.256000,0.000000,-0.000150,12.001895,0.000000
0.256512,0.000000,-0.000155,12.001895,0.000000
0.257024,0.000000,-0.000155,12.001895,0.000000
0.257536,0.000000,-0.000165,12.001895,0.000000
0.258048,0.000000,-0.000170,12.001895,0.000000
0.258560,0.000000,-0.000180,12.001895,0.000000
0.259072,0.000000,-0.000185,12.001895,0.000000
0.259584,0.000000,-0.000205,12.001895,0.000000
0.260096,0.000000,-0.000205,12.001895,0.000000
0.260608,0.000000,-0.000210,12.001895,0.000000
0.261120,0.000000,-0.000220,12.001895,0.000000
0.261632,0.000000,-0.000225,12.001895,0.000000
0.262144,0.000000,-0.000235,12.001895,0.000000
0.262656,0.000000,-0.000245,12.001895,0.000000
0.263168,0.000000,-0.000255,12.001895,0.000000
0.263680,0.000000,-0.000260,12.001895,0.000000
0.264192,0.000000,-0.000260,12.001895,0.000000
0.264704,0.000000,-0.000265,12.001895,0.000000
0.265216,0.000000,-0.000270,12.001895,0.000000
0.265728,0.000000,-0.000275,12.001895,0.000000
0.266240,0.000000,-0.000265,12.001895,0.000000
0.266752,0.000000,-0.000265,12.001895,0.000000
0.267264,0.000000,-0.000260,12.001895,0.000000
0.267776,0.000000,-0.000260,12.001895,0.000000
0.268288,0.000000,-0.000260,12.001895,0.000000
0.268800,0.000000,-0.000255,12.001895,0.000000
0.269312,0.000000,-0.000245,12.001895,0.000000
0.269824,0.000000,-0.000240,12.001895,0.000000
0.270336,0.000000,-0.000235,12.001895,0.000000
0.270848,0.000000,-0.000230,12.001895,0.000000
0.271360,0.000000,-0.000220,12.001895,0.000000
0.271872,0.000000,-0.000220,12.001895,0.000000
0.272384,0.000000,-0.000215,12.001895,0.000000
0.272896,0.000000,-0.000210,12.001895,0.000000
0.273408,0.000000,-0.000200,12.001895,0.000000
0.273920,0.000000,-0.000200,12.001895,0.000000
0.274432,0.000000,-0.000190,12.001895,0.000000
0.274944,0.000000,-0.000175,12.001895,0.000000
0.275456,0.000000,-0.000165,12.001895,0.000000
0.275968,0.000000,-0.000145,12.001895,0.000000
0.276480,0.000000,-0.000135,12.001895,0.000000
0.276992,0.000000,-0.000120,12.001895,0.000000
0.277504,0.000000,-0.000105,12.001895,0.000000
0.278016,0.000000,-0.000095,12.001895,0.000000
0.278528,0.000000,-0.000075,12.001895,0.000000
0.279040,0.000000,-0.000055,12.001895,0.000000
0.279552,0.000000,-0.000035,12.001895,0.000000
0.280064,0.000000,-0.000020,12.001895,0.000000
0.280576,0.000000,0.000005,12.001895,0.000000
0.281088,0.000000,0.000010,12.001895,0.000000
0.281600,0.000000,0.000020,12.001895,0.000000
0.282112,0.000000,0.000040,12.001895,0.000000
0.282624,0.000000,0.000045,12.001895,0.000000
0.283136,0.000000,0.000055,12.001895,0.000000
0.283648,0.000000,0.000065,12.001895,0.000000
0.284160,0.000000,0.000070,12.001895,0.000000
0.284672,0.000000,0.000075,12.001895,0.000000
0.285184,0.000000,0.000070,12.001895,0.000000
0.285696,0.000000,0.000070,12.001895,0.000000
0.286208,0.000000,0.000065,12.001895,0.000000
0.286720,0.000000,0.000065,12.001895,0.000000
0.287232,0.000000,0.000065,12.001895,0.000000
0.287744,0.000000,0.000060,12.001895,0.000000
0.288256,0.000000,0.000060,12.001895,0.000000
0.288768,0.000000,0.000050,12.001895,0.000000
0.289280,0.000000,0.000050,12.001895,0.000000
0.289792,0.000000,0.000045,12.001895,0.000000
0.290304,0.000000,0.000040,12.001895,0.000000
0.290816,0.000000,0.000040,12.001895,0.000000
0.291328,0.000000,0.000030,12.001895,0.000000
0.291840,0.000000,0.000030,12.001895,0.000000
0.292352,0.000000,0.000020,12.001895,0.000000
0.292864,0.000000,0.000010,12.001895,0.000000
0.293376,0.000000,0.000005,12.001895,0.000000
0.293888,0.000000,-0.000005,12.001895,0.000000
0.294400,0.000000,-0.000010,12.001895,0.000000
0.294912,0.000000,-0.000020,12.001895,0.000000
0.295424,0.000000,-0.000030,12.001895,0.000000
0.295936,0.000000,-0.000040,12.001895,0.000000
0.296448,0.000000,-0.000050,12.001895,0.000000
0.296960,0.000000,-0.000060,12.001895,0.000000
0.297472,0.000000,-0.000065,12.001895,0.000000
0.297984,0.000000,-0.000080,12.001895,0.000000
0.298496,0.000000,-0.000085,12.001895,0.000000
0.299008,0.000000,-0.000095,12.001895,0.000000
0.299520,0.000000,-0.000100,12.001895,0.000000
0.300032,0.000000,-0.000105,12.001895,0.000000
0.300544,0.000000,-0.000120,12.001895,0.000000
0.301056,0.000000,-0.000125,12.001895,0.000000
0.301568,0.000000,-0.000130,12.001895,0.000000
0.302080,0.000000,-0.000130,12.001895,0.000000
0.302592,0.000000,-0.000130,12.001895,0.000000
0.303104,0.000000,-0.000140,12.001895,0.000000
0.303616,0.000000,-0.000140,12.001895,0.000000
0.304128,0.000000,-0.000140,12.001895,0.000000
0.304640,0.000000,-0.000140,12.001895,0.000000
0.305152,0.000000,-0.000135,12.001895,0.000000
0.305664,0.000000,-0.000135,12.001895,0.000000
0.306176,0.000000,-0.000130,12.001895,0.000000
0.306688,0.000000,-0.000130,12.001895,0.000000
0.307200,0.000000,-0.000130,12.001895,0.000000
0.307712,0.000000,-0.000125,12.001895,0.000000
0.308224,0.000000,-0.000120,12.001895,0.000000
0.308736,0.000000,-0.000120,12.001895,0.000000
0.309248,0.000000,-0.000120,12.001895,0.000000
0.309760,0.000000,-0.000120,12.001895,0.000000
0.310272,0.000000,-0.000110,12.001895,0.000000
0.310784,0.000000,-0.000105,12.001895,0.000000
0.311296,0.000000,-0.000100,12.001895,0.000000
0.311808,0.000000,-0.000095,12.001895,0.000000
0.312320,0.000000,-0.000090,12.001895,0.000000
0.312832,0.000000,-0.000085,12.001895,0.000000
0.313344,0.000000,-0.000075,12.001895,0.000000
0.313856,0.000000,-0.000070,12.001895,0.000000
0.314368,0.000000,-0.000065,12.001895,0.000000
0.314880,0.000000,-0.000065,12.001895,0.000000
0.315392,0.000000,-0.000060,12.001895,0.000000
0.315904,0.000000,-0.000055,12.001895,0.000000
0.316416,0.000000,-0.000055,12.001895,0.000000
0.316928,0.000000,-0.000045,12.001895,0.000000
0.317440,0.000000,-0.000040,12.001895,0.000000
0.317952,0.000000,-0.000030,12.001895,0.000000
0.318464,0.000000,-0.000025,12.001895,0.000000
0.318976,0.000000,-0.000020,12.001895,0.000000
0.319488,0.000000,-0.000020,12.001895,0.000000
0.320000,0.000000,-0.000020,12.001895,0.000000
0.320512,0.000000,-0.000020,12.001895,0.000000
0.321024,0.000000,-0.000015,12.001895,0.000000
0.321536,0.000000,-0.000015,12.001895,0.000000
0.322048,0.000000,-0.000020,12.001895,0.000000
0.322560,0.000000,-0.000020,12.001895,0.000000
0.323072,0.000000,-0.000025,12.001895,0.000000
0.323584,0.000000,-0.000025,12.001895,0.000000
0.324096,0.000000,-0.000030,12.001895,0.000000
0.324608,0.000000,-0.000030,12.001895,0.000000
0.325120,0.000000,-0.000030,12.001895,0.000000
0.325632,0.000000,-0.000030,12.001895,0.000000
0.326144,0.000000,-0.000035,12.001895,0.000000
0.326656,0.000000,-0.000040,12.001895,0.000000
0.327168,0.000000,-0.000045,12.001895,0.000000
0.327680,0.000000,-0.000045,12.001895,0.000000
0.328192,0.000000,-0.000055,12.001895,0.000000
0.328704,0.000000,-0.000055,12.001895,0.000000
0.329216,0.000000,-0.000060,12.001895,0.000000
0.329728,0.000000,-0.000070,12.001895,0.000000
0.330240,0.000000,-0.000075,12.001895,0.000000
0.330752,0.000000,-0.000080,12.001895,0.000000
0.331264,0.000000,-0.000085,12.001895,0.000000
0.331776,0.000000,-0.000090,12.001895,0.000000
0.332288,0.000000,-0.000100,12.001895,0.000000
0.332800,0.000000,-0.000105,12.001895,0.000000
0.333312,0.000000,-0.000120,12.001895,0.000000
0.333824,0.000000,-0.000120,12.001895,0.000000
0.334336,0.000000,-0.000125,12.001895,0.000000
0.334848,0.000000,-0.000130,12.001895,0.000000
0.335360,0.000000,-0.000135,12.001895,0.000000
0.335872,0.000000,-0.000145,12.001895,0.000000
0.336384,0.000000,-0.000150,12.001895,0.000000
0.336896,0.000000,-0.000160,12.001895,0.000000
0.337408,0.000000,-0.000165,12.001895,0.000000
0.337920,0.000000,-0.000165,12.001895,0.000000
0.338432,0.000000,-0.000165,12.001895,0.000000
0.338944,0.000000,-0.000165,12.001895,0.000000
0.339456,0.000000,-0.000165,12.001895,0.000000
0.339968,0.000000,-0.000165,12.001895,0.000000
0.340480,0.000000,-0.000165,12.001895,0.000000
0.340992,0.000000,-0.000165,12.001895,0.000000
0.341504,0.000000,-0.000165,12.001895,0.000000
0.342016,0.000000,-0.000165,12.001895,0.000000
0.342528,0.000000,-0.000165,12.001895,0.000000
0.343040,0.000000,-0.000160,12.001895,0.000000
0.343552,0.000000,-0.000160,12.001895,0.000000
0.344064,0.000000,-0.000155,12.001895,0.000000
0.344576,0.000000,-0.000155,12.001895,0.000000
0.345088,0.000000,-0.000145,12.001895,0.000000
0.345600,0.000000,-0.000145,12.001895,0.000000
0.346112,0.000000,-0.000135,12.001895,0.000000
0.346624,0.000000,-0.000130,12.001895,0.000000
0.347136,0.000000,-0.000130,12.001895,0.000000
0.347648,0.000000,-0.000125,12.001895,0.000000
0.348160,0.000000,-0.000110,12.001895,0.000000
0.348672,0.000000,-0.000110,12.001895,0.000000
0.349184,0.000000,-0.000105,12.001895,0.000000
0.349696,0.000000,-0.000100,12.001895,0.000000
0.350208,0.000000,-0.000095,12.001895,0.000000
0.350720,0.000000,-0.000085,12.001895,0.000000
0.351232,0.000000,-0.000075,12.001895,0.000000
0.351744,0.000000,-0.000065,12.001895,0.000000
0.352256,0.000000,-0.000060,12.001895,0.000000
0.352768,0.000000,-0.000060,12.001895,0.000000
0.353280,0.000000,-0.000055,12.001895,0.000000
0.353792,0.000000,-0.000050,12.001895,0.000000
0.354304,0.000000,-0.000045,12.001895,0.000000
0.354816,0.000000,-0.000040,12.001895,0.000000
0.355328,0.000000,-0.000035,12.001895,0.000000
0.355840,0.000000,-0.000030,12.001895,0.000000
0.356352,0.000000,-0.000020,12.001895,0.000000
0.356864,0.000000,-0.000015,12.001895,0.000000
0.357376,0.000000,-0.000010,12.001895,0.000000
0.357888,0.000000,-0.000010,12.001895,0.000000
0.358400,0.000000,-0.000005,12.001895,0.000000
0.358912,0.000000,-0.000005,12.001895,0.000000
0.359424,0.000000,-0.000005,12.001895,0.000000
0.359936,0.000000,-0.000005,12.001895,0.000000
0.360448,0.000000,-0.000005,12.001895,0.000000
0.360960,0.000000,-0.000005,12.001895,0.000000
0.361472,0.000000,-0.000015,12.001895,0.000000
0.361984,0.000000,-0.000015,12.001895,0.000000
0.362496,0.000000,-0.000015,12.001895,0.000000
0.363008,0.000000,-0.000015,12.001895,0.000000
0.363520,0.000000,-0.000015,12.001895,0.000000
0.364032,0.000000,-0.000025,12.001895,0.000000
0.364544,0.000000,-0.000030,12.001895,0.000000
0.365056,0.000000,-0.000040,12.001895,0.000000
0.365568,0.000000,-0.000040,12.001895,0.000000
0.366080,0.000000,-0.000045,12.001895,0.000000
0.366592,0.000000,-0.000045,12.001895,0.000000
0.367104,0.000000,-0.000045,12.001895,0.000000
0.367616,0.000000,-0.000050,12.001895,0.000000
0.368128,0.000000,-0.000055,12.001895,0.000000
0.368640,0.000000,-0.000060,12.001895,0.000000
0.369152,0.000000,-0.000065,12.001895,0.000000
0.369664,0.000000,-0.000065,12.001895,0.000000
0.370176,0.000000,-0.000070,12.001895,0.000000
0.370688,0.000000,-0.000070,12.001895,0.000000
0.371200,0.000000,-0.000070,12.001895,0.000000
0.371712,0.000000,-0.000080,12.001895,0.000000
0.372224,0.000000,-0.000085,12.001895,0.000000
0.372736,0.000000,-0.000090,12.001895,0.000000
0.373248,0.000000,-0.000090,12.001895,0.000000
0.373760,0.000000,-0.000090,12.001895,0.000000
0.374272,0.000000,-0.000085,12.001895,0.000000
0.374784,0.000000,-0.000085,12.001895,0.000000
0.375296,0.000000,-0.000090,12.001895,0.000000
0.375808,0.000000,-0.000090,12.001895,0.000000
0.376320,0.000000,-0.000090,12.001895,0.000000
0.376832,0.000000,-0.000090,12.001895,0.000000
0.377344,0.000000,-0.000090,12.001895,0.000000
0.377856,0.000000,-0.000090,12.001895,0.000000
0.378368,0.000000,-0.000090,12.001895,0.000000
0.378880,0.000000,-0.000080,12.001895,0.000000
0.379392,0.000000,-0.000080,12.001895,0.000000
0.379904,0.000000,-0.000080,12.001895,0.000000
0.380416,0.000000,-0.000080,12.001895,0.000000
0.380928,0.000000,-0.000075,12.001895,0.000000
0.381440,0.000000,-0.000070,12.001895,0.000000
0.381952,0.000000,-0.000065,12.001895,0.000000
0.382464,0.000000,-0.000060,12.001895,0.000000
0.382976,0.000000,-0.000060,12.001895,0.000000
0.383488,0.000000,-0.000055,12.001895,0.000000
0.384000,0.000000,-0.000055,12.001895,0.000000
0.384512,0.000000,-0.000050,12.001895,0.000000
0.385024,0.000000,-0.000040,12.001895,0.000000
0.385536,0.000000,-0.000040,12.001895,0.000000
0.386048,0.000000,-0.000025,12.001895,0.000000
0.386560,0.000000,-0.000020,12.001895,0.000000
0.387072,0.000000,-0.000010,12.001895,0.000000
0.387584,0.000000,-0.000010,12.001895,0.000000
0.388096,0.000000,-0.000005,12.001895,0.000000
0.388608,0.000000,0.000000,12.001895,0.000000
0.389120,0.000000,0.000005,12.001895,0.000000
0.389632,0.000000,0.000015,12.001895,0.000000
0.390144,0.000000,0.000015,12.001895,0.000000
0.390656,0.000000,0.000025,12.001895,0.000000
0.391168,0.000000,0.000030,12.001895,0.000000
0.391680,0.000000,0.000035,12.001895,0.000000
0.392192,0.000000,0.000040,12.001895,0.000000
0.392704,0.000000,0.000045,12.001895,0.000000
0.393216,0.000000,0.000045,12.001895,0.000000
0.393728,0.000000,0.000050,12.001895,0.000000
0.394240,0.000000,0.000055,12.001895,0.000000
0.394752,0.000000,0.000055,12.001895,0.000000
0.395264,0.000000,0.000055,12.001895,0.000000
0.395776,0.000000,0.000055,12.001895,0.000000
0.396288,0.000000,0.000050,12.001895,0.000000
0.396800,0.000000,0.000050,12.001895,0.000000
0.397312,0.000000,0.000050,12.001895,0.000000
0.397824,0.000000,0.000045,12.001895,0.000000
0.398336,0.000000,0.000045,12.001895,0.000000
0.398848,0.000000,0.000035,12.001895,0.000000
0.399360,0.000000,0.000040,12.001895,0.000000
0.399872,0.000000,0.000035,12.001895,0.000000
0.400384,0.000000,0.000035,12.001895,0.000000
0.400896,0.000000,0.000035,12.001895,0.000000
0.401408,0.000000,0.000025,12.001895,0.000000
0.401920,0.000000,0.000020,12.001895,0.000000
0.402432,0.000000,0.000010,12.001895,0.000000
0.402944,0.000000,0.000010,12.001895,0.000000
0.403456,0.000000,0.000010,12.001895,0.000000
0.403968,0.000000,0.000010,12.001895,0.000000
0.404480,0.000000,0.000005,12.001895,0.000000
0.404992,0.000000,-0.000005,12.001895,0.000000
0.405504,0.000000,-0.000015,12.001895,0.000000
0.406016,0.000000,-0.000015,12.001895,0.000000
0.406528,0.000000,-0.000025,12.001895,0.000000
0.407040,0.000000,-0.000025,12.001895,0.000000
0.407552,0.000000,-0.000025,12.001895,0.000000
0.408064,0.000000,-0.000025,12.001895,0.000000
0.408576,0.000000,-0.000035,12.001895,0.000000
0.409088,0.000000,-0.000045,12.001895,0.000000
0.409600,0.000000,-0.000045,12.001895,0.000000
0.410112,0.000000,-0.000045,12.001895,0.000000
0.410624,0.000000,-0.000050,12.001895,0.000000
0.411136,0.000000,-0.000050,12.001895,0.000000
0.411648,0.000000,-0.000050,12.001895,0.000000
0.412160,0.000000,-0.000050,12.001895,0.000000
0.412672,0.000000,-0.000050,12.001895,0.000000
