Period (s),ActiveMotorCommand,ActualPosition (mm)
0.000000,68,0.000000
0.002202,5948,0.021470
0.004403,2550,0.081865
0.006605,221,0.150785
0.008806,-290,0.208870
0.011008,-521,0.251235
0.013210,-764,0.280150
0.015411,-1179,0.296545
0.017613,-1874,0.301855
0.019814,-2536,0.295475
0.022016,-3160,0.277240
0.024218,-3417,0.246660
0.026419,-3301,0.203990
0.028621,-2948,0.151140
0.030822,-2371,0.090755
0.033024,-1681,0.025750
0.035226,-875,-0.040635
0.037427,126,-0.106045
0.039629,1039,-0.167020
0.041830,1869,-0.220580
0.044032,2416,-0.263800
0.046234,2929,-0.294820
0.048435,3230,-0.312820
0.050637,3256,-0.316430
0.052838,3058,-0.305625
0.055040,2680,-0.281065
0.057242,2124,-0.243995
0.059443,1751,-0.196895
0.061645,1250,-0.142195
0.063846,766,-0.081955
0.066048,302,-0.018570
0.068250,-76,0.045150
0.070451,-331,0.105845
0.072653,-536,0.161325
0.074854,-666,0.209520
0.077056,-834,0.248910
0.079258,-1077,0.278195
0.081459,-1298,0.296115
0.083661,-1467,0.301580
0.085862,-1630,0.294555
0.088064,-1776,0.275460
0.090266,-1844,0.244770
0.092467,-1888,0.203910
0.094669,-1825,0.154410
0.096870,-1669,0.098450
0.099072,-1422,0.038015
0.101274,-1047,-0.024490
0.103475,-538,-0.086425
0.105677,45,-0.145225
0.107878,567,-0.198005
0.110080,1088,-0.242210
0.112282,1632,-0.276185
0.114483,2232,-0.298970
0.116685,2685,-0.309070
0.118886,3085,-0.306160
0.121088,3189,-0.289735
0.123290,3130,-0.260095
0.125491,2902,-0.218800
0.127693,2574,-0.167950
0.129894,2010,-0.109245
0.132096,1342,-0.045530
0.134298,567,0.020530
0.136499,-168,0.085730
0.138701,-818,0.146905
0.140902,-1338,0.201260
0.143104,-1746,0.246210
0.145306,-2051,0.280200
0.147507,-2298,0.301940
0.149709,-2385,0.310670
0.151910,-2339,0.305880
0.154112,-2241,0.287990
0.156314,-1940,0.257520
0.158515,-1652,0.216115
0.160717,-1298,0.165765
0.162918,-1010,0.108925
0.165120,-678,0.047925
0.167322,-347,-0.014830
0.169523,-21,-0.076540
0.171725,279,-0.134890
0.173926,610,-0.187465
0.176128,863,-0.231800
0.178330,1135,-0.266350
0.180531,1485,-0.290030
0.182733,1882,-0.302250
0.184934,2244,-0.302120
0.187136,2407,-0.288985
0.189338,2546,-0.263455
0.191539,2616,-0.226840
0.193741,2599,-0.180755
0.195942,2297,-0.126455
0.198144,1956,-0.066185
0.200346,1472,-0.002910
0.202547,866,0.061095
0.204749,209,0.122900
0.206950,-528,0.179790
0.209152,-1133,0.228870
0.211354,-1692,0.268000
0.213555,-2170,0.295375
0.215757,-2541,0.309885
0.217958,-2722,0.310795
0.220160,-2776,0.298165
0.222362,-2613,0.272235
0.224563,-2333,0.234195
0.226765,-1872,0.185835
0.228966,-1352,0.129250
0.231168,-827,0.067385
0.233370,-299,0.003045
0.235571,188,-0.060895
0.237773,661,-0.121955
0.239974,1037,-0.177415
0.242176,1286,-0.224590
0.244378,1494,-0.261840
0.246579,1737,-0.288010
0.248781,1979,-0.302385
0.250982,2134,-0.304170
0.253184,2200,-0.293105
0.255386,2136,-0.269380
0.257587,2084,-0.234245
0.259789,2008,-0.189570
0.261990,1863,-0.137130
0.264192,1612,-0.078890
0.266394,1248,-0.016980
0.268595,838,0.046055
0.270797,362,0.107165
0.272998,-142,0.163840
0.275200,-604,0.213555
0.277402,-1110,0.254360
0.279603,-1530,0.284355
0.281805,-1917,0.302355
0.284006,-2275,0.307555
0.286208,-2573,0.299950
0.288410,-2678,0.279370
0.290611,-2621,0.246480
0.292813,-2413,0.202590
0.295014,-2026,0.149545
0.297216,-1497,0.089620
0.299418,-907,0.025560
0.301619,-299,-0.039525
0.303821,370,-0.102860
0.306022,962,-0.161615
0.308224,1395,-0.212985
0.310426,1837,-0.254875
0.312627,2147,-0.285580
0.314829,2374,-0.303935
0.317030,2558,-0.309305
0.319232,2691,-0.301820
0.321434,2630,-0.281350
0.323635,2336,-0.248195
0.325837,2000,-0.203980
0.328038,1693,-0.151650
0.330240,1355,-0.093230
0.332442,939,-0.030875
0.334643,477,0.032775
0.336845,107,0.094565
0.339046,-268,0.152040
0.341248,-602,0.202835
0.343450,-938,0.244925
0.345651,-1237,0.276740
0.347853,-1562,0.296970
0.350054,-1838,0.304830
0.352256,-2110,0.300220
0.354458,-2297,0.283135
0.356659,-2396,0.254080
0.358861,-2338,0.213935
0.361062,-2122,0.164360
0.363264,-1772,0.107345
0.365466,-1295,0.045295
0.367667,-755,-0.018915
0.369869,-166,-0.082325
0.372070,434,-0.142430
0.374272,988,-0.196450
0.376474,1512,-0.241795
0.378675,1967,-0.276700
0.380877,2348,-0.299730
0.383078,2677,-0.309870
0.385280,2884,-0.306985
0.387482,2907,-0.290745
0.389683,2729,-0.261390
0.391885,2366,-0.220210
0.394086,1958,-0.169295
0.396288,1577,-0.111600
0.398490,1061,-0.049270
0.400691,510,0.015130
0.402893,-6,0.078640
0.405094,-429,0.138340
0.407296,-841,0.191890
0.409498,-1182,0.236825
0.411699,-1488,0.271620
0.413901,-1681,0.294670
0.416102,-1880,0.305380
0.418304,-2055,0.303390
0.420506,-2144,0.288725
0.422707,-2129,0.261830
0.424909,-2023,0.223725
0.427110,-1815,0.175970
0.429312,-1531,0.120620
0.431514,-1139,0.060130
0.433715,-725,-0.002930
0.435917,-282,-0.065900
0.438118,228,-0.126335
0.440320,725,-0.181440
0.442522,1185,-0.228660
0.444723,1597,-0.266065
0.446925,2009,-0.292280
0.449126,2366,-0.306265
0.451328,2634,-0.307070
0.453530,2845,-0.295105
0.455731,2793,-0.270100
0.457933,2647,-0.233165
0.460134,2329,-0.185965
0.462336,1938,-0.130410
0.464538,1522,-0.069615
0.466739,956,-0.005660
0.468941,387,0.058665
0.471142,-170,0.120400
0.473344,-723,0.176850
0.475546,-1181,0.225430
0.477747,-1580,0.264250
0.479949,-1924,0.291585
0.482150,-2158,0.306425
0.484352,-2352,0.308325
0.486554,-2475,0.297225
0.488755,-2399,0.273275
0.490957,-2222,0.237375
0.493158,-1929,0.191220
0.495360,-1541,0.136685
0.497562,-1093,0.076430
0.499763,-670,0.013145
0.501965,-230,-0.050470
0.504166,272,-0.111920
0.506368,731,-0.168485
0.508570,1101,-0.217505
0.510771,1465,-0.257055
0.512973,1815,-0.285700
0.515174,2125,-0.302575
0.517376,2342,-0.306680
0.519578,2499,-0.297730
0.521779,2576,-0.276285
0.523981,2517,-0.242940
0.526182,2336,-0.198970
0.528384,2046,-0.146220
0.530586,1748,-0.087640
0.532787,1354,-0.025250
0.534989,781,0.038670
0.537190,232,0.101055
0.539392,-310,0.159160
0.541594,-799,0.210345
0.543795,-1303,0.252465
0.545997,-1714,0.283700
0.548198,-2064,0.302885
0.550400,-2359,0.309180
0.552602,-2574,0.302380
0.554803,-2559,0.282465
0.557005,-2452,0.250100
0.559206,-2206,0.206805
0.561408,-1809,0.154345
0.563610,-1325,0.095125
0.565811,-845,0.031865
0.568013,-340,-0.032540
0.570214,213,-0.095420
0.572416,728,-0.154005
0.574618,1147,-0.205695
0.576819,1498,-0.248215
0.579021,1838,-0.280045
0.581222,2099,-0.300105
0.583424,2297,-0.307375
0.585626,2428,-0.301485
0.587827,2488,-0.282965
0.590029,2380,-0.252230
0.592230,2132,-0.210375
0.594432,1978,-0.160085
0.596634,1728,-0.103275
0.598835,1315,-0.041785
0.601037,795,0.021830
0.603238,331,0.084520
0.605440,-150,0.143555
0.607642,-608,0.196415
0.609843,-1064,0.240810
0.612045,-1472,0.274930
0.614246,-1794,0.297275
0.616448,-2105,0.307075
0.618650,-2367,0.304000
0.620851,-2516,0.288155
0.623053,-2467,0.259715
0.625254,-2299,0.219875
0.627456,-2056,0.170440
0.629658,-1646,0.113335
0.631859,-1181,0.051275
0.634061,-667,-0.012900
0.636262,-124,-0.076425
0.638464,424,-0.136690
0.640666,956,-0.191050
0.642867,1409,-0.236895
0.645069,1781,-0.272410
0.647270,2178,-0.296395
0.649472,2386,-0.307695
0.651674,2580,-0.305870
0.653875,2693,-0.291295
0.656077,2638,-0.264050
0.658278,2390,-0.225045
0.660480,2028,-0.175945
0.662682,1761,-0.119800
0.664883,1338,-0.058760
