Period (s),PositionError (mm),CommandedVelocity (mm/s),ActivityStatusRegister,PhasingInitialized,AtMaximumVelocity,Tracking,CurrentProfileMode,AxisSettled,MotorOn,PositionCapture,InMotion,InPositiveLimit,InNegativeLimit,ProfileSegment
0.000000,0.000005,0.000031,9489,1,0,0,2,0,1,0,1,0,0,1
0.000512,-0.000005,0.003964,9489,1,0,0,2,0,1,0,1,0,0,1
0.001024,0.000000,0.014450,9493,1,0,1,2,0,1,0,1,0,0,1
0.001536,0.000005,0.031489,9489,1,0,0,2,0,1,0,1,0,0,1
0.002048,0.000010,0.055082,9489,1,0,0,2,0,1,0,1,0,0,1
0.002560,0.000020,0.085229,9489,1,0,0,2,0,1,0,1,0,0,1
0.003072,0.000030,0.121929,9489,1,0,0,2,0,1,0,1,0,0,1
0.003584,0.000070,0.165182,9489,1,0,0,2,0,1,0,1,0,0,1
0.004096,0.000095,0.214989,9489,1,0,0,2,0,1,0,1,0,0,1
0.004608,0.000125,0.271352,9489,1,0,0,2,0,1,0,1,0,0,1
0.005120,0.000160,0.334266,9489,1,0,0,2,0,1,0,1,0,0,1
0.005632,0.000185,0.403734,9489,1,0,0,2,0,1,0,1,0,0,1
0.006144,0.000200,0.479756,9489,1,0,0,2,0,1,0,1,0,0,1
0.006656,0.000220,0.562331,9489,1,0,0,2,0,1,0,1,0,0,1
0.007168,0.000225,0.651459,9489,1,0,0,2,0,1,0,1,0,0,1
0.007680,0.000220,0.747143,9489,1,0,0,2,0,1,0,1,0,0,1
0.008192,0.000210,0.848560,17681,1,0,0,2,0,1,0,1,0,0,2
0.008704,0.000180,0.950795,17681,1,0,0,2,0,1,0,1,0,0,2
0.009216,0.000145,1.053032,17681,1,0,0,2,0,1,0,1,0,0,2
0.009728,0.000105,1.155268,17681,1,0,0,2,0,1,0,1,0,0,2
0.010240,0.000050,1.257505,17681,1,0,0,2,0,1,0,1,0,0,2
0.010752,0.000000,1.359740,17685,1,0,1,2,0,1,0,1,0,0,2
0.011264,-0.000055,1.461977,17681,1,0,0,2,0,1,0,1,0,0,2
0.011776,-0.000105,1.564212,17681,1,0,0,2,0,1,0,1,0,0,2
0.012288,-0.000155,1.666449,17681,1,0,0,2,0,1,0,1,0,0,2
0.012800,-0.000190,1.768684,17681,1,0,0,2,0,1,0,1,0,0,2
0.013312,-0.000210,1.870921,17681,1,0,0,2,0,1,0,1,0,0,2
0.013824,-0.000190,1.973157,17681,1,0,0,2,0,1,0,1,0,0,2
0.014336,-0.000205,2.075393,17681,1,0,0,2,0,1,0,1,0,0,2
0.014848,-0.000200,2.177630,17681,1,0,0,2,0,1,0,1,0,0,2
0.015360,-0.000180,2.279866,17681,1,0,0,2,0,1,0,1,0,0,2
0.015872,-0.000175,2.382103,17681,1,0,0,2,0,1,0,1,0,0,2
0.016384,-0.000155,2.484338,17681,1,0,0,2,0,1,0,1,0,0,2
0.016896,-0.000125,2.586575,17681,1,0,0,2,0,1,0,1,0,0,2
0.017408,-0.000100,2.688810,17681,1,0,0,2,0,1,0,1,0,0,2
0.017920,-0.000090,2.791047,17681,1,0,0,2,0,1,0,1,0,0,2
0.018432,-0.000075,2.893282,17681,1,0,0,2,0,1,0,1,0,0,2
0.018944,-0.000035,2.995519,17681,1,0,0,2,0,1,0,1,0,0,2
0.019456,-0.000040,3.097755,17681,1,0,0,2,0,1,0,1,0,0,2
0.019968,-0.000035,3.199992,17681,1,0,0,2,0,1,0,1,0,0,2
0.020480,-0.000045,3.302227,17681,1,0,0,2,0,1,0,1,0,0,2
0.020992,-0.000030,3.404464,17681,1,0,0,2,0,1,0,1,0,0,2
0.021504,0.000000,3.506699,17685,1,0,1,2,0,1,0,1,0,0,2
0.022016,0.000015,3.608936,17681,1,0,0,2,0,1,0,1,0,0,2
0.022528,0.000035,3.711171,17681,1,0,0,2,0,1,0,1,0,0,2
0.023040,0.000030,3.813408,17681,1,0,0,2,0,1,0,1,0,0,2
0.023552,0.000040,3.915645,17681,1,0,0,2,0,1,0,1,0,0,2
0.024064,0.000045,4.017881,17681,1,0,0,2,0,1,0,1,0,0,2
0.024576,0.000070,4.120117,17681,1,0,0,2,0,1,0,1,0,0,2
0.025088,0.000060,4.222058,25873,1,0,0,2,0,1,0,1,0,0,3
0.025600,0.000030,4.319051,25873,1,0,0,2,0,1,0,1,0,0,3
0.026112,0.000015,4.409491,25873,1,0,0,2,0,1,0,1,0,0,3
0.026624,0.000000,4.493377,25877,1,0,1,2,0,1,0,1,0,0,3
0.027136,0.000000,4.570709,25877,1,0,1,2,0,1,0,1,0,0,3
0.027648,-0.000020,4.641488,25873,1,0,0,2,0,1,0,1,0,0,3
0.028160,-0.000035,4.705714,25873,1,0,0,2,0,1,0,1,0,0,3
0.028672,-0.000015,4.763386,25873,1,0,0,2,0,1,0,1,0,0,3
0.029184,0.000020,4.814504,25873,1,0,0,2,0,1,0,1,0,0,3
0.029696,0.000020,4.859067,25873,1,0,0,2,0,1,0,1,0,0,3
0.030208,-0.000010,4.897079,25873,1,0,0,2,0,1,0,1,0,0,3
0.030720,-0.000010,4.928537,25873,1,0,0,2,0,1,0,1,0,0,3
0.031232,0.000010,4.953440,25873,1,0,0,2,0,1,0,1,0,0,3
0.031744,0.000020,4.971790,25873,1,0,0,2,0,1,0,1,0,0,3
0.032256,0.000030,4.983586,25873,1,0,0,2,0,1,0,1,0,0,3
0.032768,0.000075,4.988830,25873,1,0,0,2,0,1,0,1,0,0,3
0.033280,0.000135,4.989125,34067,1,1,0,2,0,1,0,1,0,0,4
0.033792,0.000150,4.989125,34067,1,1,0,2,0,1,0,1,0,0,4
0.034304,0.000115,4.989125,34067,1,1,0,2,0,1,0,1,0,0,4
0.034816,0.000130,4.989125,34067,1,1,0,2,0,1,0,1,0,0,4
0.035328,0.000140,4.989125,34067,1,1,0,2,0,1,0,1,0,0,4
0.035840,0.000130,4.989125,34067,1,1,0,2,0,1,0,1,0,0,4
0.036352,0.000125,4.989125,34067,1,1,0,2,0,1,0,1,0,0,4
0.036864,0.000100,4.989125,34067,1,1,0,2,0,1,0,1,0,0,4
0.037376,0.000095,4.989125,34067,1,1,0,2,0,1,0,1,0,0,4
0.037888,0.000040,4.989125,34067,1,1,0,2,0,1,0,1,0,0,4
0.038400,-0.000015,4.989125,34067,1,1,0,2,0,1,0,1,0,0,4
0.038912,-0.000035,4.989125,34067,1,1,0,2,0,1,0,1,0,0,4
0.039424,-0.000070,4.989125,34067,1,1,0,2,0,1,0,1,0,0,4
0.039936,-0.000135,4.989125,34067,1,1,0,2,0,1,0,1,0,0,4
0.040448,-0.000180,4.989125,34067,1,1,0,2,0,1,0,1,0,0,4
0.040960,-0.000210,4.989125,34067,1,1,0,2,0,1,0,1,0,0,4
0.041472,-0.000250,4.989125,34067,1,1,0,2,0,1,0,1,0,0,4
0.041984,-0.000305,4.989125,34067,1,1,0,2,0,1,0,1,0,0,4
0.042496,-0.000345,4.989125,34067,1,1,0,2,0,1,0,1,0,0,4
0.043008,-0.000390,4.989125,34067,1,1,0,2,0,1,0,1,0,0,4
0.043520,-0.000415,4.989125,34067,1,1,0,2,0,1,0,1,0,0,4
0.044032,-0.000470,4.989125,34067,1,1,0,2,0,1,0,1,0,0,4
0.044544,-0.000485,4.989125,34067,1,1,0,2,0,1,0,1,0,0,4
0.045056,-0.000480,4.989125,34067,1,1,0,2,0,1,0,1,0,0,4
0.045568,-0.000480,4.989125,34067,1,1,0,2,0,1,0,1,0,0,4
0.046080,-0.000510,4.989125,34067,1,1,0,2,0,1,0,1,0,0,4
0.046592,-0.000510,4.989125,34067,1,1,0,2,0,1,0,1,0,0,4
0.047104,-0.000490,4.989125,34067,1,1,0,2,0,1,0,1,0,0,4
0.047616,-0.000485,4.989125,34067,1,1,0,2,0,1,0,1,0,0,4
0.048128,-0.000470,4.989125,34067,1,1,0,2,0,1,0,1,0,0,4
0.048640,-0.000430,4.989125,34067,1,1,0,2,0,1,0,1,0,0,4
0.049152,-0.000365,4.989125,34067,1,1,0,2,0,1,0,1,0,0,4
0.049664,-0.000330,4.989125,34067,1,1,0,2,0,1,0,1,0,0,4
0.050176,-0.000340,4.989125,34067,1,1,0,2,0,1,0,1,0,0,4
0.050688,-0.000295,4.989125,34067,1,1,0,2,0,1,0,1,0,0,4
0.051200,-0.000265,4.989125,34067,1,1,0,2,0,1,0,1,0,0,4
0.051712,-0.000225,4.989125,34067,1,1,0,2,0,1,0,1,0,0,4
0.052224,-0.000170,4.989125,34067,1,1,0,2,0,1,0,1,0,0,4
0.052736,-0.000135,4.989125,34067,1,1,0,2,0,1,0,1,0,0,4
0.053248,-0.000055,4.989125,34067,1,1,0,2,0,1,0,1,0,0,4
0.053760,-0.000040,4.989125,34067,1,1,0,2,0,1,0,1,0,0,4
0.054272,-0.000035,4.989125,34067,1,1,0,2,0,1,0,1,0,0,4
0.054784,0.000025,4.989125,34067,1,1,0,2,0,1,0,1,0,0,4
0.055296,0.000080,4.989125,34067,1,1,0,2,0,1,0,1,0,0,4
0.055808,0.000105,4.989125,34067,1,1,0,2,0,1,0,1,0,0,4
0.056320,0.000110,4.989125,34067,1,1,0,2,0,1,0,1,0,0,4
0.056832,0.000140,4.989125,34067,1,1,0,2,0,1,0,1,0,0,4
0.057344,0.000195,4.989125,34067,1,1,0,2,0,1,0,1,0,0,4
0.057856,0.000180,4.989125,34067,1,1,0,2,0,1,0,1,0,0,4
0.058368,0.000185,4.989125,34067,1,1,0,2,0,1,0,1,0,0,4
0.058880,0.000210,4.989125,34067,1,1,0,2,0,1,0,1,0,0,4
0.059392,0.000215,4.989125,34067,1,1,0,2,0,1,0,1,0,0,4
0.059904,0.000200,4.989125,34067,1,1,0,2,0,1,0,1,0,0,4
0.060416,0.000175,4.989125,34067,1,1,0,2,0,1,0,1,0,0,4
0.060928,0.000195,4.989125,34067,1,1,0,2,0,1,0,1,0,0,4
0.061440,0.000205,4.989125,34067,1,1,0,2,0,1,0,1,0,0,4
0.061952,0.000175,4.989125,34067,1,1,0,2,0,1,0,1,0,0,4
0.062464,0.000125,4.989125,34067,1,1,0,2,0,1,0,1,0,0,4
0.062976,0.000100,4.989125,34067,1,1,0,2,0,1,0,1,0,0,4
0.063488,0.000085,4.989125,34067,1,1,0,2,0,1,0,1,0,0,4
0.064000,0.000055,4.989125,34067,1,1,0,2,0,1,0,1,0,0,4
0.064512,0.000030,4.989125,34067,1,1,0,2,0,1,0,1,0,0,4
0.065024,0.000025,4.989125,34067,1,1,0,2,0,1,0,1,0,0,4
0.065536,0.000030,4.989125,34067,1,1,0,2,0,1,0,1,0,0,4
0.066048,-0.000030,4.989125,34067,1,1,0,2,0,1,0,1,0,0,4
0.066560,-0.000105,4.989125,34067,1,1,0,2,0,1,0,1,0,0,4
0.067072,-0.000125,4.989125,34067,1,1,0,2,0,1,0,1,0,0,4
0.067584,-0.000165,4.989125,34067,1,1,0,2,0,1,0,1,0,0,4
0.068096,-0.000200,4.989125,34067,1,1,0,2,0,1,0,1,0,0,4
0.068608,-0.000255,4.989125,34067,1,1,0,2,0,1,0,1,0,0,4
0.069120,-0.000295,4.989125,34067,1,1,0,2,0,1,0,1,0,0,4
0.069632,-0.000360,4.989125,34067,1,1,0,2,0,1,0,1,0,0,4
0.070144,-0.000440,4.989125,34067,1,1,0,2,0,1,0,1,0,0,4
0.070656,-0.000470,4.989125,34067,1,1,0,2,0,1,0,1,0,0,4
0.071168,-0.000500,4.989125,34067,1,1,0,2,0,1,0,1,0,0,4
0.071680,-0.000550,4.989125,34067,1,1,0,2,0,1,0,1,0,0,4
0.072192,-0.000605,4.989125,34067,1,1,0,2,0,1,0,1,0,0,4
0.072704,-0.000645,4.989125,34067,1,1,0,2,0,1,0,1,0,0,4
0.073216,-0.000645,4.989125,34067,1,1,0,2,0,1,0,1,0,0,4
0.073728,-0.000700,4.989125,34067,1,1,0,2,0,1,0,1,0,0,4
0.074240,-0.000730,4.989125,34067,1,1,0,2,0,1,0,1,0,0,4
0.074752,-0.000730,4.989125,34067,1,1,0,2,0,1,0,1,0,0,4
0.075264,-0.000735,4.989125,34067,1,1,0,2,0,1,0,1,0,0,4
0.075776,-0.000760,4.989125,34067,1,1,0,2,0,1,0,1,0,0,4
0.076288,-0.000785,4.989125,34067,1,1,0,2,0,1,0,1,0,0,4
0.076800,-0.000780,4.989125,34067,1,1,0,2,0,1,0,1,0,0,4
0.077312,-0.000765,4.989125,34067,1,1,0,2,0,1,0,1,0,0,4
0.077824,-0.000775,4.989125,34067,1,1,0,2,0,1,0,1,0,0,4
0.078336,-0.000810,4.989125,34067,1,1,0,2,0,1,0,1,0,0,4
0.078848,-0.000810,4.989125,34067,1,1,0,2,0,1,0,1,0,0,4
0.079360,-0.000805,4.989125,34067,1,1,0,2,0,1,0,1,0,0,4
0.079872,-0.000810,4.989125,34067,1,1,0,2,0,1,0,1,0,0,4
0.080384,-0.000805,4.989125,34067,1,1,0,2,0,1,0,1,0,0,4
0.080896,-0.000775,4.989125,34067,1,1,0,2,0,1,0,1,0,0,4
0.081408,-0.000750,4.989125,34067,1,1,0,2,0,1,0,1,0,0,4
0.081920,-0.000780,4.989125,34067,1,1,0,2,0,1,0,1,0,0,4
0.082432,-0.000815,4.989125,34067,1,1,0,2,0,1,0,1,0,0,4
0.082944,-0.000795,4.989125,34067,1,1,0,2,0,1,0,1,0,0,4
0.083456,-0.000780,4.989125,34067,1,1,0,2,0,1,0,1,0,0,4
0.083968,-0.000760,4.989125,34067,1,1,0,2,0,1,0,1,0,0,4
0.084480,-0.000745,4.989125,34067,1,1,0,2,0,1,0,1,0,0,4
0.084992,-0.000735,4.989125,34067,1,1,0,2,0,1,0,1,0,0,4
0.085504,-0.000725,4.989125,34067,1,1,0,2,0,1,0,1,0,0,4
0.086016,-0.000750,4.989125,34067,1,1,0,2,0,1,0,1,0,0,4
0.086528,-0.000725,4.989125,34067,1,1,0,2,0,1,0,1,0,0,4
0.087040,-0.000680,4.989125,34067,1,1,0,2,0,1,0,1,0,0,4
0.087552,-0.000645,4.989125,34067,1,1,0,2,0,1,0,1,0,0,4
0.088064,-0.000645,4.989125,34067,1,1,0,2,0,1,0,1,0,0,4
0.088576,-0.000610,4.989125,34067,1,1,0,2,0,1,0,1,0,0,4
0.089088,-0.000565,4.989125,34067,1,1,0,2,0,1,0,1,0,0,4
0.089600,-0.000550,4.989125,34067,1,1,0,2,0,1,0,1,0,0,4
0.090112,-0.000540,4.989125,34067,1,1,0,2,0,1,0,1,0,0,4
0.090624,-0.000510,4.989125,34067,1,1,0,2,0,1,0,1,0,0,4
0.091136,-0.000485,4.989125,34067,1,1,0,2,0,1,0,1,0,0,4
0.091648,-0.000445,4.989125,34067,1,1,0,2,0,1,0,1,0,0,4
0.092160,-0.000445,4.989125,34067,1,1,0,2,0,1,0,1,0,0,4
0.092672,-0.000415,4.989125,34067,1,1,0,2,0,1,0,1,0,0,4
0.093184,-0.000385,4.989125,34067,1,1,0,2,0,1,0,1,0,0,4
0.093696,-0.000365,4.989125,34067,1,1,0,2,0,1,0,1,0,0,4
0.094208,-0.000375,4.989125,34067,1,1,0,2,0,1,0,1,0,0,4
0.094720,-0.000360,4.989125,34067,1,1,0,2,0,1,0,1,0,0,4
0.095232,-0.000320,4.989125,34067,1,1,0,2,0,1,0,1,0,0,4
0.095744,-0.000300,4.989125,34067,1,1,0,2,0,1,0,1,0,0,4
0.096256,-0.000280,4.989125,34067,1,1,0,2,0,1,0,1,0,0,4
0.096768,-0.000235,4.989125,34067,1,1,0,2,0,1,0,1,0,0,4
0.097280,-0.000180,4.989125,34067,1,1,0,2,0,1,0,1,0,0,4
0.097792,-0.000150,4.989125,34067,1,1,0,2,0,1,0,1,0,0,4
0.098304,-0.000170,4.989125,34067,1,1,0,2,0,1,0,1,0,0,4
0.098816,-0.000135,4.989125,34067,1,1,0,2,0,1,0,1,0,0,4
0.099328,-0.000105,4.989125,34067,1,1,0,2,0,1,0,1,0,0,4
0.099840,-0.000080,4.989125,34067,1,1,0,2,0,1,0,1,0,0,4
0.100352,-0.000040,4.989125,34067,1,1,0,2,0,1,0,1,0,0,4
0.100864,-0.000030,4.989125,34067,1,1,0,2,0,1,0,1,0,0,4
0.101376,0.000005,4.989125,34067,1,1,0,2,0,1,0,1,0,0,4
0.101888,-0.000020,4.989125,34067,1,1,0,2,0,1,0,1,0,0,4
0.102400,-0.000025,4.989125,34067,1,1,0,2,0,1,0,1,0,0,4
0.102912,-0.000005,4.989125,34067,1,1,0,2,0,1,0,1,0,0,4
0.103424,0.000015,4.989125,34067,1,1,0,2,0,1,0,1,0,0,4
0.103936,0.000010,4.989125,34067,1,1,0,2,0,1,0,1,0,0,4
0.104448,-0.000015,4.989125,34067,1,1,0,2,0,1,0,1,0,0,4
0.104960,-0.000035,4.989125,34067,1,1,0,2,0,1,0,1,0,0,4
0.105472,-0.000015,4.989125,34067,1,1,0,2,0,1,0,1,0,0,4
0.105984,-0.000070,4.989125,34067,1,1,0,2,0,1,0,1,0,0,4
0.106496,-0.000090,4.989125,34067,1,1,0,2,0,1,0,1,0,0,4
0.107008,-0.000090,4.989125,34067,1,1,0,2,0,1,0,1,0,0,4
0.107520,-0.000105,4.989125,34067,1,1,0,2,0,1,0,1,0,0,4
0.108032,-0.000150,4.989125,34067,1,1,0,2,0,1,0,1,0,0,4
0.108544,-0.000180,4.989125,34067,1,1,0,2,0,1,0,1,0,0,4
0.109056,-0.000180,4.989125,34067,1,1,0,2,0,1,0,1,0,0,4
0.109568,-0.000185,4.989125,34067,1,1,0,2,0,1,0,1,0,0,4
0.110080,-0.000215,4.989125,34067,1,1,0,2,0,1,0,1,0,0,4
0.110592,-0.000240,4.989125,34067,1,1,0,2,0,1,0,1,0,0,4
0.111104,-0.000240,4.989125,34067,1,1,0,2,0,1,0,1,0,0,4
0.111616,-0.000245,4.989125,34067,1,1,0,2,0,1,0,1,0,0,4
0.112128,-0.000255,4.989125,34067,1,1,0,2,0,1,0,1,0,0,4
0.112640,-0.000255,4.989125,34067,1,1,0,2,0,1,0,1,0,0,4
0.113152,-0.000250,4.989125,34067,1,1,0,2,0,1,0,1,0,0,4
0.113664,-0.000225,4.989125,34067,1,1,0,2,0,1,0,1,0,0,4
0.114176,-0.000270,4.989125,34067,1,1,0,2,0,1,0,1,0,0,4
0.114688,-0.000290,4.989125,34067,1,1,0,2,0,1,0,1,0,0,4
0.115200,-0.000280,4.989125,34067,1,1,0,2,0,1,0,1,0,0,4
0.115712,-0.000265,4.989125,34067,1,1,0,2,0,1,0,1,0,0,4
0.116224,-0.000250,4.989125,34067,1,1,0,2,0,1,0,1,0,0,4
0.116736,-0.000255,4.989125,34067,1,1,0,2,0,1,0,1,0,0,4
0.117248,-0.000255,4.989125,34067,1,1,0,2,0,1,0,1,0,0,4
0.117760,-0.000260,4.989125,34067,1,1,0,2,0,1,0,1,0,0,4
0.118272,-0.000285,4.989125,34067,1,1,0,2,0,1,0,1,0,0,4
0.118784,-0.000250,4.989125,34067,1,1,0,2,0,1,0,1,0,0,4
0.119296,-0.000220,4.989125,34067,1,1,0,2,0,1,0,1,0,0,4
0.119808,-0.000210,4.989125,34067,1,1,0,2,0,1,0,1,0,0,4
0.120320,-0.000210,4.989125,34067,1,1,0,2,0,1,0,1,0,0,4
0.120832,-0.000200,4.989125,34067,1,1,0,2,0,1,0,1,0,0,4
0.121344,-0.000165,4.989125,34067,1,1,0,2,0,1,0,1,0,0,4
0.121856,-0.000180,4.989125,34067,1,1,0,2,0,1,0,1,0,0,4
0.122368,-0.000180,4.989125,34067,1,1,0,2,0,1,0,1,0,0,4
0.122880,-0.000150,4.989125,34067,1,1,0,2,0,1,0,1,0,0,4
0.123392,-0.000140,4.989125,34067,1,1,0,2,0,1,0,1,0,0,4
0.123904,-0.000130,4.989125,34067,1,1,0,2,0,1,0,1,0,0,4
0.124416,-0.000130,4.989125,34067,1,1,0,2,0,1,0,1,0,0,4
0.124928,-0.000090,4.989125,34067,1,1,0,2,0,1,0,1,0,0,4
0.125440,-0.000055,4.989125,34067,1,1,0,2,0,1,0,1,0,0,4
0.125952,-0.000040,4.989125,34067,1,1,0,2,0,1,0,1,0,0,4
0.126464,-0.000050,4.989125,34067,1,1,0,2,0,1,0,1,0,0,4
0.126976,-0.000020,4.989125,34067,1,1,0,2,0,1,0,1,0,0,4
0.127488,0.000015,4.989125,34067,1,1,0,2,0,1,0,1,0,0,4
0.128000,0.000050,4.989125,34067,1,1,0,2,0,1,0,1,0,0,4
0.128512,0.000065,4.989125,34067,1,1,0,2,0,1,0,1,0,0,4
0.129024,0.000120,4.989125,34067,1,1,0,2,0,1,0,1,0,0,4
0.129536,0.000180,4.989125,34067,1,1,0,2,0,1,0,1,0,0,4
0.130048,0.000195,4.989125,34067,1,1,0,2,0,1,0,1,0,0,4
0.130560,0.000170,4.989125,34067,1,1,0,2,0,1,0,1,0,0,4
0.131072,0.000205,4.989125,34067,1,1,0,2,0,1,0,1,0,0,4
0.131584,0.000245,4.989125,34067,1,1,0,2,0,1,0,1,0,0,4
0.132096,0.000265,4.989125,34067,1,1,0,2,0,1,0,1,0,0,4
0.132608,0.000305,4.989125,34067,1,1,0,2,0,1,0,1,0,0,4
0.133120,0.000310,4.989125,34067,1,1,0,2,0,1,0,1,0,0,4
0.133632,0.000350,4.989125,34067,1,1,0,2,0,1,0,1,0,0,4
0.134144,0.000320,4.989125,34067,1,1,0,2,0,1,0,1,0,0,4
0.134656,0.000310,4.989125,34067,1,1,0,2,0,1,0,1,0,0,4
0.135168,0.000330,4.989125,34067,1,1,0,2,0,1,0,1,0,0,4
0.135680,0.000340,4.989125,34067,1,1,0,2,0,1,0,1,0,0,4
0.136192,0.000320,4.989125,34067,1,1,0,2,0,1,0,1,0,0,4
0.136704,0.000320,4.989125,34067,1,1,0,2,0,1,0,1,0,0,4
0.137216,0.000320,4.989125,34067,1,1,0,2,0,1,0,1,0,0,4
0.137728,0.000325,4.989125,34067,1,1,0,2,0,1,0,1,0,0,4
0.138240,0.000285,4.989125,34067,1,1,0,2,0,1,0,1,0,0,4
0.138752,0.000265,4.989125,34067,1,1,0,2,0,1,0,1,0,0,4
0.139264,0.000245,4.989125,34067,1,1,0,2,0,1,0,1,0,0,4
0.139776,0.000225,4.989125,34067,1,1,0,2,0,1,0,1,0,0,4
0.140288,0.000190,4.989125,34067,1,1,0,2,0,1,0,1,0,0,4
0.140800,0.000165,4.989125,34067,1,1,0,2,0,1,0,1,0,0,4
0.141312,0.000160,4.989125,34067,1,1,0,2,0,1,0,1,0,0,4
0.141824,0.000140,4.989125,34067,1,1,0,2,0,1,0,1,0,0,4
0.142336,0.000080,4.989125,34067,1,1,0,2,0,1,0,1,0,0,4
0.142848,0.000035,4.989125,34067,1,1,0,2,0,1,0,1,0,0,4
0.143360,0.000010,4.989125,34067,1,1,0,2,0,1,0,1,0,0,4
0.143872,-0.000010,4.989125,34067,1,1,0,2,0,1,0,1,0,0,4
0.144384,-0.000040,4.989125,34067,1,1,0,2,0,1,0,1,0,0,4
0.144896,-0.000030,4.989125,34067,1,1,0,2,0,1,0,1,0,0,4
0.145408,-0.000015,4.989125,34067,1,1,0,2,0,1,0,1,0,0,4
0.145920,-0.000015,4.989125,34067,1,1,0,2,0,1,0,1,0,0,4
0.146432,-0.000075,4.989125,34067,1,1,0,2,0,1,0,1,0,0,4
0.146944,-0.000085,4.989125,34067,1,1,0,2,0,1,0,1,0,0,4
0.147456,-0.000090,4.989125,34067,1,1,0,2,0,1,0,1,0,0,4
0.147968,-0.000105,4.989125,34067,1,1,0,2,0,1,0,1,0,0,4
0.148480,-0.000085,4.989125,34067,1,1,0,2,0,1,0,1,0,0,4
0.148992,-0.000095,4.989125,34067,1,1,0,2,0,1,0,1,0,0,4
0.149504,-0.000080,4.989125,34067,1,1,0,2,0,1,0,1,0,0,4
0.150016,-0.000105,4.989125,34067,1,1,0,2,0,1,0,1,0,0,4
0.150528,-0.000135,4.989125,34067,1,1,0,2,0,1,0,1,0,0,4
0.151040,-0.000120,4.989125,34067,1,1,0,2,0,1,0,1,0,0,4
0.151552,-0.000110,4.989125,34067,1,1,0,2,0,1,0,1,0,0,4
0.152064,-0.000120,4.989125,34067,1,1,0,2,0,1,0,1,0,0,4
0.152576,-0.000135,4.989125,34067,1,1,0,2,0,1,0,1,0,0,4
0.153088,-0.000140,4.989125,34067,1,1,0,2,0,1,0,1,0,0,4
0.153600,-0.000120,4.989125,34067,1,1,0,2,0,1,0,1,0,0,4
0.154112,-0.000165,4.989125,34067,1,1,0,2,0,1,0,1,0,0,4
0.154624,-0.000180,4.989125,34067,1,1,0,2,0,1,0,1,0,0,4
0.155136,-0.000180,4.989125,34067,1,1,0,2,0,1,0,1,0,0,4
0.155648,-0.000185,4.989125,34067,1,1,0,2,0,1,0,1,0,0,4
0.156160,-0.000220,4.989125,34067,1,1,0,2,0,1,0,1,0,0,4
0.156672,-0.000230,4.989125,34067,1,1,0,2,0,1,0,1,0,0,4
0.157184,-0.000210,4.989125,34067,1,1,0,2,0,1,0,1,0,0,4
0.157696,-0.000200,4.989125,34067,1,1,0,2,0,1,0,1,0,0,4
0.158208,-0.000220,4.989125,34067,1,1,0,2,0,1,0,1,0,0,4
0.158720,-0.000240,4.989125,34067,1,1,0,2,0,1,0,1,0,0,4
0.159232,-0.000235,4.989125,34067,1,1,0,2,0,1,0,1,0,0,4
0.159744,-0.000240,4.989125,34067,1,1,0,2,0,1,0,1,0,0,4
0.160256,-0.000235,4.989125,34067,1,1,0,2,0,1,0,1,0,0,4
0.160768,-0.000220,4.989125,34067,1,1,0,2,0,1,0,1,0,0,4
0.161280,-0.000195,4.989125,34067,1,1,0,2,0,1,0,1,0,0,4
0.161792,-0.000160,4.989125,34067,1,1,0,2,0,1,0,1,0,0,4
0.162304,-0.000210,4.989125,34067,1,1,0,2,0,1,0,1,0,0,4
0.162816,-0.000225,4.989125,34067,1,1,0,2,0,1,0,1,0,0,4
0.163328,-0.000215,4.989125,34067,1,1,0,2,0,1,0,1,0,0,4
0.163840,-0.000210,4.989125,34067,1,1,0,2,0,1,0,1,0,0,4
0.164352,-0.000190,4.989125,34067,1,1,0,2,0,1,0,1,0,0,4
0.164864,-0.000200,4.989125,34067,1,1,0,2,0,1,0,1,0,0,4
0.165376,-0.000175,4.989125,34067,1,1,0,2,0,1,0,1,0,0,4
0.165888,-0.000185,4.989125,34067,1,1,0,2,0,1,0,1,0,0,4
0.166400,-0.000205,4.989125,34067,1,1,0,2,0,1,0,1,0,0,4
0.166912,-0.000200,4.989125,34067,1,1,0,2,0,1,0,1,0,0,4
0.167424,-0.000175,4.989125,34067,1,1,0,2,0,1,0,1,0,0,4
0.167936,-0.000165,4.989125,34067,1,1,0,2,0,1,0,1,0,0,4
0.168448,-0.000180,4.989125,34067,1,1,0,2,0,1,0,1,0,0,4
0.168960,-0.000170,4.989125,34067,1,1,0,2,0,1,0,1,0,0,4
0.169472,-0.000125,4.989125,34067,1,1,0,2,0,1,0,1,0,0,4
0.169984,-0.000140,4.989125,34067,1,1,0,2,0,1,0,1,0,0,4
0.170496,-0.000160,4.989125,34067,1,1,0,2,0,1,0,1,0,0,4
0.171008,-0.000145,4.989125,34067,1,1,0,2,0,1,0,1,0,0,4
0.171520,-0.000160,4.989125,34067,1,1,0,2,0,1,0,1,0,0,4
0.172032,-0.000170,4.989125,34067,1,1,0,2,0,1,0,1,0,0,4
0.172544,-0.000190,4.989125,34067,1,1,0,2,0,1,0,1,0,0,4
0.173056,-0.000170,4.989125,34067,1,1,0,2,0,1,0,1,0,0,4
0.173568,-0.000145,4.989125,34067,1,1,0,2,0,1,0,1,0,0,4
0.174080,-0.000155,4.989125,34067,1,1,0,2,0,1,0,1,0,0,4
0.174592,-0.000190,4.989125,34067,1,1,0,2,0,1,0,1,0,0,4
0.175104,-0.000195,4.989125,34067,1,1,0,2,0,1,0,1,0,0,4
0.175616,-0.000200,4.989125,34067,1,1,0,2,0,1,0,1,0,0,4
0.176128,-0.000215,4.989125,34067,1,1,0,2,0,1,0,1,0,0,4
0.176640,-0.000220,4.989125,34067,1,1,0,2,0,1,0,1,0,0,4
0.177152,-0.000195,4.989125,34067,1,1,0,2,0,1,0,1,0,0,4
0.177664,-0.000155,4.989125,34067,1,1,0,2,0,1,0,1,0,0,4
0.178176,-0.000180,4.989125,34067,1,1,0,2,0,1,0,1,0,0,4
0.178688,-0.000215,4.989125,34067,1,1,0,2,0,1,0,1,0,0,4
0.179200,-0.000205,4.989125,34067,1,1,0,2,0,1,0,1,0,0,4
0.179712,-0.000200,4.989125,34067,1,1,0,2,0,1,0,1,0,0,4
0.180224,-0.000190,4.989125,34067,1,1,0,2,0,1,0,1,0,0,4
0.180736,-0.000180,4.989125,34067,1,1,0,2,0,1,0,1,0,0,4
0.181248,-0.000180,4.989125,34067,1,1,0,2,0,1,0,1,0,0,4
0.181760,-0.000160,4.989125,34067,1,1,0,2,0,1,0,1,0,0,4
0.182272,-0.000200,4.989125,34067,1,1,0,2,0,1,0,1,0,0,4
0.182784,-0.000205,4.989125,34067,1,1,0,2,0,1,0,1,0,0,4
0.183296,-0.000170,4.989125,34067,1,1,0,2,0,1,0,1,0,0,4
0.183808,-0.000160,4.989125,34067,1,1,0,2,0,1,0,1,0,0,4
0.184320,-0.000185,4.989125,34067,1,1,0,2,0,1,0,1,0,0,4
0.184832,-0.000185,4.989125,34067,1,1,0,2,0,1,0,1,0,0,4
0.185344,-0.000175,4.989125,34067,1,1,0,2,0,1,0,1,0,0,4
0.185856,-0.000195,4.989125,34067,1,1,0,2,0,1,0,1,0,0,4
0.186368,-0.000230,4.989125,34067,1,1,0,2,0,1,0,1,0,0,4
0.186880,-0.000245,4.989125,34067,1,1,0,2,0,1,0,1,0,0,4
0.187392,-0.000255,4.989125,34067,1,1,0,2,0,1,0,1,0,0,4
0.187904,-0.000260,4.989125,34067,1,1,0,2,0,1,0,1,0,0,4
0.188416,-0.000300,4.989125,34067,1,1,0,2,0,1,0,1,0,0,4
0.188928,-0.000305,4.989125,34067,1,1,0,2,0,1,0,1,0,0,4
0.189440,-0.000305,4.989125,34067,1,1,0,2,0,1,0,1,0,0,4
0.189952,-0.000315,4.989125,34067,1,1,0,2,0,1,0,1,0,0,4
0.190464,-0.000365,4.989125,34067,1,1,0,2,0,1,0,1,0,0,4
0.190976,-0.000385,4.989125,34067,1,1,0,2,0,1,0,1,0,0,4
0.191488,-0.000385,4.989125,34067,1,1,0,2,0,1,0,1,0,0,4
0.192000,-0.000380,4.989125,34067,1,1,0,2,0,1,0,1,0,0,4
0.192512,-0.000385,4.989125,34067,1,1,0,2,0,1,0,1,0,0,4
0.193024,-0.000350,4.989125,34067,1,1,0,2,0,1,0,1,0,0,4
0.193536,-0.000300,4.989125,34067,1,1,0,2,0,1,0,1,0,0,4
0.194048,-0.000290,4.989125,34067,1,1,0,2,0,1,0,1,0,0,4
0.194560,-0.000325,4.989125,34067,1,1,0,2,0,1,0,1,0,0,4
0.195072,-0.000285,4.989125,34067,1,1,0,2,0,1,0,1,0,0,4
0.195584,-0.000245,4.989125,34067,1,1,0,2,0,1,0,1,0,0,4
0.196096,-0.000210,4.989125,34067,1,1,0,2,0,1,0,1,0,0,4
0.196608,-0.000150,4.989125,34067,1,1,0,2,0,1,0,1,0,0,4
0.197120,-0.000130,4.989125,34067,1,1,0,2,0,1,0,1,0,0,4
0.197632,-0.000060,4.989125,34067,1,1,0,2,0,1,0,1,0,0,4
0.198144,-0.000060,4.989125,34067,1,1,0,2,0,1,0,1,0,0,4
0.198656,-0.000055,4.989125,34067,1,1,0,2,0,1,0,1,0,0,4
0.199168,-0.000005,4.989125,34067,1,1,0,2,0,1,0,1,0,0,4
0.199680,0.000045,4.989125,34067,1,1,0,2,0,1,0,1,0,0,4
0.200192,0.000065,4.989125,34067,1,1,0,2,0,1,0,1,0,0,4
0.200704,0.000080,4.988272,42257,1,0,0,2,0,1,0,1,0,0,5
0.201216,0.000115,4.981652,42257,1,0,0,2,0,1,0,1,0,0,5
0.201728,0.000160,4.968479,42257,1,0,0,2,0,1,0,1,0,0,5
0.202240,0.000145,4.948753,42257,1,0,0,2,0,1,0,1,0,0,5
0.202752,0.000160,4.922473,42257,1,0,0,2,0,1,0,1,0,0,5
0.203264,0.000200,4.889640,42257,1,0,0,2,0,1,0,1,0,0,5
0.203776,0.000245,4.850252,42257,1,0,0,2,0,1,0,1,0,0,5
0.204288,0.000275,4.804312,42257,1,0,0,2,0,1,0,1,0,0,5
0.204800,0.000325,4.751816,42257,1,0,0,2,0,1,0,1,0,0,5
0.205312,0.000415,4.692769,42257,1,0,0,2,0,1,0,1,0,0,5
0.205824,0.000505,4.627167,42257,1,0,0,2,0,1,0,1,0,0,5
0.206336,0.000575,4.555012,42257,1,0,0,2,0,1,0,1,0,0,5
0.206848,0.000605,4.476303,42257,1,0,0,2,0,1,0,1,0,0,5
0.207360,0.000665,4.391040,42257,1,0,0,2,0,1,0,1,0,0,5
0.207872,0.000720,4.299225,42257,1,0,0,2,0,1,0,1,0,0,5
0.208384,0.000770,4.200855,42257,1,0,0,2,0,1,0,1,0,0,5
0.208896,0.000825,4.098645,50449,1,0,0,2,0,1,0,1,0,0,6
0.209408,0.000865,3.996409,50449,1,0,0,2,0,1,0,1,0,0,6
0.209920,0.000935,3.894173,50449,1,0,0,2,0,1,0,1,0,0,6
0.210432,0.000985,3.791937,50449,1,0,0,2,0,1,0,1,0,0,6
0.210944,0.001035,3.689700,50449,1,0,0,2,0,1,0,1,0,0,6
0.211456,0.001025,3.587463,50449,1,0,0,2,0,1,0,1,0,0,6
0.211968,0.000990,3.485228,50449,1,0,0,2,0,1,0,1,0,0,6
0.212480,0.000990,3.382991,50449,1,0,0,2,0,1,0,1,0,0,6
0.212992,0.000990,3.280756,50449,1,0,0,2,0,1,0,1,0,0,6
0.213504,0.001000,3.178519,50449,1,0,0,2,0,1,0,1,0,0,6
0.214016,0.000990,3.076284,50449,1,0,0,2,0,1,0,1,0,0,6
0.214528,0.000985,2.974047,50449,1,0,0,2,0,1,0,1,0,0,6
0.215040,0.000990,2.871811,50449,1,0,0,2,0,1,0,1,0,0,6
0.215552,0.000975,2.769575,50449,1,0,0,2,0,1,0,1,0,0,6
0.216064,0.000945,2.667339,50449,1,0,0,2,0,1,0,1,0,0,6
0.216576,0.000940,2.565102,50449,1,0,0,2,0,1,0,1,0,0,6
0.217088,0.000940,2.462867,50449,1,0,0,2,0,1,0,1,0,0,6
0.217600,0.000905,2.360630,50449,1,0,0,2,0,1,0,1,0,0,6
0.218112,0.000865,2.258395,50449,1,0,0,2,0,1,0,1,0,0,6
0.218624,0.000830,2.156158,50449,1,0,0,2,0,1,0,1,0,0,6
0.219136,0.000810,2.053921,50449,1,0,0,2,0,1,0,1,0,0,6
0.219648,0.000790,1.951686,50449,1,0,0,2,0,1,0,1,0,0,6
0.220160,0.000775,1.849449,50449,1,0,0,2,0,1,0,1,0,0,6
0.220672,0.000760,1.747213,50449,1,0,0,2,0,1,0,1,0,0,6
0.221184,0.000730,1.644976,50449,1,0,0,2,0,1,0,1,0,0,6
0.221696,0.000705,1.542741,50449,1,0,0,2,0,1,0,1,0,0,6
0.222208,0.000685,1.440504,50449,1,0,0,2,0,1,0,1,0,0,6
0.222720,0.000655,1.338269,50449,1,0,0,2,0,1,0,1,0,0,6
0.223232,0.000635,1.236032,50449,1,0,0,2,0,1,0,1,0,0,6
0.223744,0.000605,1.133797,50449,1,0,0,2,0,1,0,1,0,0,6
0.224256,0.000590,1.031560,50449,1,0,0,2,0,1,0,1,0,0,6
0.224768,0.000585,0.929324,50449,1,0,0,2,0,1,0,1,0,0,6
0.225280,0.000590,0.827087,50449,1,0,0,2,0,1,0,1,0,0,6
0.225792,0.000585,0.726503,58641,1,0,0,2,0,1,0,1,0,0,7
0.226304,0.000590,0.632197,58641,1,0,0,2,0,1,0,1,0,0,7
0.226816,0.000610,0.544445,58641,1,0,0,2,0,1,0,1,0,0,7
0.227328,0.000605,0.463246,58641,1,0,0,2,0,1,0,1,0,0,7
0.227840,0.000615,0.388600,58641,1,0,0,2,0,1,0,1,0,0,7
0.228352,0.000595,0.320509,58641,1,0,0,2,0,1,0,1,0,0,7
0.228864,0.000575,0.258970,58641,1,0,0,2,0,1,0,1,0,0,7
0.229376,0.000540,0.203986,58641,1,0,0,2,0,1,0,1,0,0,7
0.229888,0.000515,0.155555,58641,1,0,0,2,0,1,0,1,0,0,7
0.230400,0.000475,0.113678,58641,1,0,0,2,0,1,0,1,0,0,7
0.230912,0.000445,0.078353,58641,1,0,0,2,0,1,0,1,0,0,7
0.231424,0.000410,0.049584,58641,1,0,0,2,0,1,0,1,0,0,7
0.231936,0.000380,0.027367,58641,1,0,0,2,0,1,0,1,0,0,7
0.232448,0.000340,0.011703,58641,1,0,0,2,0,1,0,1,0,0,7
0.232960,0.000305,0.002594,58641,1,0,0,2,0,1,0,1,0,0,7
0.233472,0.000265,0.000000,273,1,0,0,2,0,1,0,0,0,0,0
0.233984,0.000225,0.000000,273,1,0,0,2,0,1,0,0,0,0,0
0.234496,0.000185,0.000000,273,1,0,0,2,0,1,0,0,0,0,0
0.235008,0.000150,0.000000,273,1,0,0,2,0,1,0,0,0,0,0
0.235520,0.000130,0.000000,273,1,0,0,2,0,1,0,0,0,0,0
0.236032,0.000115,0.000000,273,1,0,0,2,0,1,0,0,0,0,0
0.236544,0.000110,0.000000,273,1,0,0,2,0,1,0,0,0,0,0
0.237056,0.000110,0.000000,273,1,0,0,2,0,1,0,0,0,0,0
0.237568,0.000110,0.000000,273,1,0,0,2,0,1,0,0,0,0,0
0.238080,0.000110,0.000000,273,1,0,0,2,0,1,0,0,0,0,0
0.238592,0.000125,0.000000,273,1,0,0,2,0,1,0,0,0,0,0
0.239104,0.000135,0.000000,273,1,0,0,2,0,1,0,0,0,0,0
0.239616,0.000140,0.000000,273,1,0,0,2,0,1,0,0,0,0,0
0.240128,0.000145,0.000000,273,1,0,0,2,0,1,0,0,0,0,0
0.240640,0.000145,0.000000,273,1,0,0,2,0,1,0,0,0,0,0
0.241152,0.000145,0.000000,273,1,0,0,2,0,1,0,0,0,0,0
0.241664,0.000155,0.000000,273,1,0,0,2,0,1,0,0,0,0,0
0.242176,0.000155,0.000000,273,1,0,0,2,0,1,0,0,0,0,0
0.242688,0.000155,0.000000,273,1,0,0,2,0,1,0,0,0,0,0
0.243200,0.000155,0.000000,273,1,0,0,2,0,1,0,0,0,0,0
0.243712,0.000165,0.000000,273,1,0,0,2,0,1,0,0,0,0,0
0.244224,0.000170,0.000000,273,1,0,0,2,0,1,0,0,0,0,0
0.244736,0.000175,0.000000,273,1,0,0,2,0,1,0,0,0,0,0
0.245248,0.000180,0.000000,273,1,0,0,2,0,1,0,0,0,0,0
0.245760,0.000180,0.000000,273,1,0,0,2,0,1,0,0,0,0,0
0.246272,0.000180,0.000000,273,1,0,0,2,0,1,0,0,0,0,0
0.246784,0.000185,0.000000,273,1,0,0,2,0,1,0,0,0,0,0
0.247296,0.000180,0.000000,273,1,0,0,2,0,1,0,0,0,0,0
0.247808,0.000180,0.000000,273,1,0,0,2,0,1,0,0,0,0,0
0.248320,0.000175,0.000000,273,1,0,0,2,0,1,0,0,0,0,0
0.248832,0.000170,0.000000,273,1,0,0,2,0,1,0,0,0,0,0
0.249344,0.000170,0.000000,273,1,0,0,2,0,1,0,0,0,0,0
0.249856,0.000170,0.000000,273,1,0,0,2,0,1,0,0,0,0,0
0.250368,0.000165,0.000000,273,1,0,0,2,0,1,0,0,0,0,0
0.250880,0.000160,0.000000,273,1,0,0,2,0,1,0,0,0,0,0
0.251392,0.000160,0.000000,273,1,0,0,2,0,1,0,0,0,0,0
0.251904,0.000155,0.000000,273,1,0,0,2,0,1,0,0,0,0,0
0.252416,0.000150,0.000000,273,1,0,0,2,0,1,0,0,0,0,0
0.252928,0.000145,0.000000,273,1,0,0,2,0,1,0,0,0,0,0
0.253440,0.000130,0.000000,273,1,0,0,2,0,1,0,0,0,0,0
0.253952,0.000120,0.000000,273,1,0,0,2,0,1,0,0,0,0,0
0.254464,0.000110,0.000000,273,1,0,0,2,0,1,0,0,0,0,0
0.254976,0.000105,0.000000,273,1,0,0,2,0,1,0,0,0,0,0
0.255488,0.000100,0.000000,273,1,0,0,2,0,1,0,0,0,0,0
0.256000,0.000090,0.000000,273,1,0,0,2,0,1,0,0,0,0,0
0.256512,0.000075,0.000000,273,1,0,0,2,0,1,0,0,0,0,0
0.257024,0.000060,0.000000,273,1,0,0,2,0,1,0,0,0,0,0
0.257536,0.000045,0.000000,273,1,0,0,2,0,1,0,0,0,0,0
0.258048,0.000015,0.000000,273,1,0,0,2,0,1,0,0,0,0,0
0.258560,0.000005,0.000000,273,1,0,0,2,0,1,0,0,0,0,0
0.259072,-0.000010,0.000000,273,1,0,0,2,0,1,0,0,0,0,0
0.259584,-0.000030,0.000000,273,1,0,0,2,0,1,0,0,0,0,0
0.260096,-0.000040,0.000000,273,1,0,0,2,0,1,0,0,0,0,0
0.260608,-0.000060,0.000000,273,1,0,0,2,0,1,0,0,0,0,0
0.261120,-0.000080,0.000000,273,1,0,0,2,0,1,0,0,0,0,0
0.261632,-0.000090,0.000000,273,1,0,0,2,0,1,0,0,0,0,0
0.262144,-0.000100,0.000000,273,1,0,0,2,0,1,0,0,0,0,0
0.262656,-0.000120,0.000000,273,1,0,0,2,0,1,0,0,0,0,0
0.263168,-0.000125,0.000000,273,1,0,0,2,0,1,0,0,0,0,0
0.263680,-0.000125,0.000000,273,1,0,0,2,0,1,0,0,0,0,0
0.264192,-0.000125,0.000000,273,1,0,0,2,0,1,0,0,0,0,0
0.264704,-0.000130,0.000000,273,1,0,0,2,0,1,0,0,0,0,0
0.265216,-0.000135,0.000000,273,1,0,0,2,0,1,0,0,0,0,0
0.265728,-0.000145,0.000000,273,1,0,0,2,0,1,0,0,0,0,0
0.266240,-0.000140,0.000000,273,1,0,0,2,0,1,0,0,0,0,0
0.266752,-0.000135,0.000000,273,1,0,0,2,0,1,0,0,0,0,0
0.267264,-0.000130,0.000000,273,1,0,0,2,0,1,0,0,0,0,0
0.267776,-0.000125,0.000000,273,1,0,0,2,0,1,0,0,0,0,0
0.268288,-0.000125,0.000000,273,1,0,0,2,0,1,0,0,0,0,0
0.268800,-0.000125,0.000000,273,1,0,0,2,0,1,0,0,0,0,0
0.269312,-0.000120,0.000000,273,1,0,0,2,0,1,0,0,0,0,0
0.269824,-0.000115,0.000000,273,1,0,0,2,0,1,0,0,0,0,0
0.270336,-0.000110,0.000000,273,1,0,0,2,0,1,0,0,0,0,0
0.270848,-0.000105,0.000000,273,1,0,0,2,0,1,0,0,0,0,0
0.271360,-0.000100,0.000000,273,1,0,0,2,0,1,0,0,0,0,0
0.271872,-0.000090,0.000000,273,1,0,0,2,0,1,0,0,0,0,0
0.272384,-0.000080,0.000000,273,1,0,0,2,0,1,0,0,0,0,0
0.272896,-0.000075,0.000000,273,1,0,0,2,0,1,0,0,0,0,0
0.273408,-0.000065,0.000000,273,1,0,0,2,0,1,0,0,0,0,0
0.273920,-0.000065,0.000000,273,1,0,0,2,0,1,0,0,0,0,0
0.274432,-0.000050,0.000000,273,1,0,0,2,0,1,0,0,0,0,0
0.274944,-0.000045,0.000000,273,1,0,0,2,0,1,0,0,0,0,0
0.275456,-0.000035,0.000000,273,1,0,0,2,0,1,0,0,0,0,0
0.275968,-0.000015,0.000000,273,1,0,0,2,0,1,0,0,0,0,0
0.276480,-0.000005,0.000000,273,1,0,0,2,0,1,0,0,0,0,0
0.276992,0.000010,0.000000,273,1,0,0,2,0,1,0,0,0,0,0
0.277504,0.000015,0.000000,273,1,0,0,2,0,1,0,0,0,0,0
0.278016,0.000035,0.000000,273,1,0,0,2,0,1,0,0,0,0,0
0.278528,0.000045,0.000000,273,1,0,0,2,0,1,0,0,0,0,0
0.279040,0.000060,0.000000,273,1,0,0,2,0,1,0,0,0,0,0
0.279552,0.000060,0.000000,273,1,0,0,2,0,1,0,0,0,0,0
0.280064,0.000060,0.000000,273,1,0,0,2,0,1,0,0,0,0,0
0.280576,0.000065,0.000000,273,1,0,0,2,0,1,0,0,0,0,0
0.281088,0.000070,0.000000,273,1,0,0,2,0,1,0,0,0,0,0
0.281600,0.000075,0.000000,273,1,0,0,2,0,1,0,0,0,0,0
0.282112,0.000075,0.000000,273,1,0,0,2,0,1,0,0,0,0,0
0.282624,0.000080,0.000000,273,1,0,0,2,0,1,0,0,0,0,0
0.283136,0.000085,0.000000,273,1,0,0,2,0,1,0,0,0,0,0
0.283648,0.000085,0.000000,273,1,0,0,2,0,1,0,0,0,0,0
0.284160,0.000080,0.000000,273,1,0,0,2,0,1,0,0,0,0,0
0.284672,0.000080,0.000000,273,1,0,0,2,0,1,0,0,0,0,0
0.285184,0.000080,0.000000,273,1,0,0,2,0,1,0,0,0,0,0
0.285696,0.000080,0.000000,273,1,0,0,2,0,1,0,0,0,0,0
0.286208,0.000080,0.000000,273,1,0,0,2,0,1,0,0,0,0,0
0.286720,0.000075,0.000000,273,1,0,0,2,0,1,0,0,0,0,0
0.287232,0.000075,0.000000,273,1,0,0,2,0,1,0,0,0,0,0
0.287744,0.000070,0.000000,273,1,0,0,2,0,1,0,0,0,0,0
0.288256,0.000070,0.000000,273,1,0,0,2,0,1,0,0,0,0,0
0.288768,0.000060,0.000000,273,1,0,0,2,0,1,0,0,0,0,0
0.289280,0.000050,0.000000,273,1,0,0,2,0,1,0,0,0,0,0
0.289792,0.000050,0.000000,273,1,0,0,2,0,1,0,0,0,0,0
0.290304,0.000040,0.000000,273,1,0,0,2,0,1,0,0,0,0,0
0.290816,0.000035,0.000000,273,1,0,0,2,0,1,0,0,0,0,0
0.291328,0.000035,0.000000,401,1,0,0,2,1,1,0,0,0,0,0
0.291840,0.000025,0.000000,401,1,0,0,2,1,1,0,0,0,0,0
0.292352,0.000025,0.000000,401,1,0,0,2,1,1,0,0,0,0,0
0.292864,0.000015,0.000000,401,1,0,0,2,1,1,0,0,0,0,0
0.293376,0.000010,0.000000,401,1,0,0,2,1,1,0,0,0,0,0
0.293888,0.000005,0.000000,401,1,0,0,2,1,1,0,0,0,0,0
0.294400,-0.000005,0.000000,401,1,0,0,2,1,1,0,0,0,0,0
0.294912,-0.000010,0.000000,401,1,0,0,2,1,1,0,0,0,0,0
0.295424,-0.000025,0.000000,401,1,0,0,2,1,1,0,0,0,0,0
0.295936,-0.000030,0.000000,401,1,0,0,2,1,1,0,0,0,0,0
0.296448,-0.000035,0.000000,401,1,0,0,2,1,1,0,0,0,0,0
0.296960,-0.000050,0.000000,401,1,0,0,2,1,1,0,0,0,0,0
0.297472,-0.000060,0.000000,401,1,0,0,2,1,1,0,0,0,0,0
0.297984,-0.000070,0.000000,401,1,0,0,2,1,1,0,0,0,0,0
0.298496,-0.000075,0.000000,401,1,0,0,2,1,1,0,0,0,0,0
0.299008,-0.000080,0.000000,401,1,0,0,2,1,1,0,0,0,0,0
0.299520,-0.000085,0.000000,401,1,0,0,2,1,1,0,0,0,0,0
0.300032,-0.000090,0.000000,401,1,0,0,2,1,1,0,0,0,0,0
0.300544,-0.000095,0.000000,401,1,0,0,2,1,1,0,0,0,0,0
0.301056,-0.000100,0.000000,401,1,0,0,2,1,1,0,0,0,0,0
0.301568,-0.000100,0.000000,401,1,0,0,2,1,1,0,0,0,0,0
0.302080,-0.000100,0.000000,401,1,0,0,2,1,1,0,0,0,0,0
0.302592,-0.000105,0.000000,273,1,0,0,2,0,1,0,0,0,0,0
0.303104,-0.000100,0.000000,273,1,0,0,2,0,1,0,0,0,0,0
0.303616,-0.000100,0.000000,273,1,0,0,2,0,1,0,0,0,0,0
0.304128,-0.000100,0.000000,273,1,0,0,2,0,1,0,0,0,0,0
0.304640,-0.000100,0.000000,273,1,0,0,2,0,1,0,0,0,0,0
0.305152,-0.000100,0.000000,273,1,0,0,2,0,1,0,0,0,0,0
0.305664,-0.000100,0.000000,273,1,0,0,2,0,1,0,0,0,0,0
0.306176,-0.000090,0.000000,273,1,0,0,2,0,1,0,0,0,0,0
0.306688,-0.000090,0.000000,273,1,0,0,2,0,1,0,0,0,0,0
0.307200,-0.000090,0.000000,273,1,0,0,2,0,1,0,0,0,0,0
0.307712,-0.000090,0.000000,273,1,0,0,2,0,1,0,0,0,0,0
0.308224,-0.000085,0.000000,273,1,0,0,2,0,1,0,0,0,0,0
0.308736,-0.000080,0.000000,273,1,0,0,2,0,1,0,0,0,0,0
0.309248,-0.000065,0.000000,273,1,0,0,2,0,1,0,0,0,0,0
0.309760,-0.000075,0.000000,273,1,0,0,2,0,1,0,0,0,0,0
0.310272,-0.000080,0.000000,273,1,0,0,2,0,1,0,0,0,0,0
0.310784,-0.000075,0.000000,273,1,0,0,2,0,1,0,0,0,0,0
0.311296,-0.000070,0.000000,273,1,0,0,2,0,1,0,0,0,0,0
0.311808,-0.000055,0.000000,273,1,0,0,2,0,1,0,0,0,0,0
0.312320,-0.000050,0.000000,273,1,0,0,2,0,1,0,0,0,0,0
0.312832,-0.000050,0.000000,273,1,0,0,2,0,1,0,0,0,0,0
0.313344,-0.000045,0.000000,273,1,0,0,2,0,1,0,0,0,0,0
0.313856,-0.000045,0.000000,273,1,0,0,2,0,1,0,0,0,0,0
0.314368,-0.000045,0.000000,273,1,0,0,2,0,1,0,0,0,0,0
0.314880,-0.000040,0.000000,273,1,0,0,2,0,1,0,0,0,0,0
0.315392,-0.000035,0.000000,273,1,0,0,2,0,1,0,0,0,0,0
0.315904,-0.000020,0.000000,273,1,0,0,2,0,1,0,0,0,0,0
0.316416,-0.000020,0.000000,273,1,0,0,2,0,1,0,0,0,0,0
0.316928,-0.000020,0.000000,273,1,0,0,2,0,1,0,0,0,0,0
0.317440,-0.000015,0.000000,273,1,0,0,2,0,1,0,0,0,0,0
0.317952,-0.000015,0.000000,273,1,0,0,2,0,1,0,0,0,0,0
0.318464,-0.000015,0.000000,273,1,0,0,2,0,1,0,0,0,0,0
0.318976,-0.000020,0.000000,273,1,0,0,2,0,1,0,0,0,0,0
0.319488,-0.000015,0.000000,273,1,0,0,2,0,1,0,0,0,0,0
0.320000,-0.000015,0.000000,273,1,0,0,2,0,1,0,0,0,0,0
0.320512,-0.000015,0.000000,273,1,0,0,2,0,1,0,0,0,0,0
0.321024,-0.000015,0.000000,273,1,0,0,2,0,1,0,0,0,0,0
0.321536,-0.000020,0.000000,273,1,0,0,2,0,1,0,0,0,0,0
0.322048,-0.000020,0.000000,273,1,0,0,2,0,1,0,0,0,0,0
0.322560,-0.000020,0.000000,273,1,0,0,2,0,1,0,0,0,0,0
0.323072,-0.000020,0.000000,401,1,0,0,2,1,1,0,0,0,0,0
0.323584,-0.000025,0.000000,401,1,0,0,2,1,1,0,0,0,0,0
0.324096,-0.000030,0.000000,401,1,0,0,2,1,1,0,0,0,0,0
0.324608,-0.000030,0.000000,401,1,0,0,2,1,1,0,0,0,0,0
0.325120,-0.000035,0.000000,401,1,0,0,2,1,1,0,0,0,0,0
0.325632,-0.000035,0.000000,401,1,0,0,2,1,1,0,0,0,0,0
0.326144,-0.000035,0.000000,401,1,0,0,2,1,1,0,0,0,0,0
0.326656,-0.000040,0.000000,401,1,0,0,2,1,1,0,0,0,0,0
0.327168,-0.000045,0.000000,401,1,0,0,2,1,1,0,0,0,0,0
0.327680,-0.000045,0.000000,401,1,0,0,2,1,1,0,0,0,0,0
0.328192,-0.000055,0.000000,401,1,0,0,2,1,1,0,0,0,0,0
0.328704,-0.000060,0.000000,401,1,0,0,2,1,1,0,0,0,0,0
0.329216,-0.000070,0.000000,401,1,0,0,2,1,1,0,0,0,0,0
0.329728,-0.000065,0.000000,401,1,0,0,2,1,1,0,0,0,0,0
0.330240,-0.000070,0.000000,401,1,0,0,2,1,1,0,0,0,0,0
0.330752,-0.000075,0.000000,401,1,0,0,2,1,1,0,0,0,0,0
0.331264,-0.000080,0.000000,401,1,0,0,2,1,1,0,0,0,0,0
0.331776,-0.000085,0.000000,401,1,0,0,2,1,1,0,0,0,0,0
0.332288,-0.000100,0.000000,401,1,0,0,2,1,1,0,0,0,0,0
0.332800,-0.000100,0.000000,401,1,0,0,2,1,1,0,0,0,0,0
0.333312,-0.000105,0.000000,273,1,0,0,2,0,1,0,0,0,0,0
0.333824,-0.000110,0.000000,273,1,0,0,2,0,1,0,0,0,0,0
0.334336,-0.000115,0.000000,273,1,0,0,2,0,1,0,0,0,0,0
0.334848,-0.000125,0.000000,273,1,0,0,2,0,1,0,0,0,0,0
0.335360,-0.000125,0.000000,273,1,0,0,2,0,1,0,0,0,0,0
0.335872,-0.000130,0.000000,273,1,0,0,2,0,1,0,0,0,0,0
0.336384,-0.000135,0.000000,273,1,0,0,2,0,1,0,0,0,0,0
0.336896,-0.000135,0.000000,273,1,0,0,2,0,1,0,0,0,0,0
0.337408,-0.000145,0.000000,273,1,0,0,2,0,1,0,0,0,0,0
0.337920,-0.000145,0.000000,273,1,0,0,2,0,1,0,0,0,0,0
0.338432,-0.000145,0.000000,273,1,0,0,2,0,1,0,0,0,0,0
0.338944,-0.000150,0.000000,273,1,0,0,2,0,1,0,0,0,0,0
0.339456,-0.000150,0.000000,273,1,0,0,2,0,1,0,0,0,0,0
0.339968,-0.000150,0.000000,273,1,0,0,2,0,1,0,0,0,0,0
0.340480,-0.000145,0.000000,273,1,0,0,2,0,1,0,0,0,0,0
0.340992,-0.000140,0.000000,273,1,0,0,2,0,1,0,0,0,0,0
0.341504,-0.000140,0.000000,273,1,0,0,2,0,1,0,0,0,0,0
0.342016,-0.000140,0.000000,273,1,0,0,2,0,1,0,0,0,0,0
0.342528,-0.000140,0.000000,273,1,0,0,2,0,1,0,0,0,0,0
0.343040,-0.000135,0.000000,273,1,0,0,2,0,1,0,0,0,0,0
0.343552,-0.000130,0.000000,273,1,0,0,2,0,1,0,0,0,0,0
0.344064,-0.000125,0.000000,273,1,0,0,2,0,1,0,0,0,0,0
0.344576,-0.000120,0.000000,273,1,0,0,2,0,1,0,0,0,0,0
0.345088,-0.000110,0.000000,273,1,0,0,2,0,1,0,0,0,0,0
0.345600,-0.000115,0.000000,273,1,0,0,2,0,1,0,0,0,0,0
0.346112,-0.000115,0.000000,273,1,0,0,2,0,1,0,0,0,0,0
0.346624,-0.000115,0.000000,273,1,0,0,2,0,1,0,0,0,0,0
0.347136,-0.000105,0.000000,273,1,0,0,2,0,1,0,0,0,0,0
0.347648,-0.000100,0.000000,273,1,0,0,2,0,1,0,0,0,0,0
0.348160,-0.000090,0.000000,273,1,0,0,2,0,1,0,0,0,0,0
0.348672,-0.000085,0.000000,273,1,0,0,2,0,1,0,0,0,0,0
0.349184,-0.000075,0.000000,273,1,0,0,2,0,1,0,0,0,0,0
0.349696,-0.000070,0.000000,273,1,0,0,2,0,1,0,0,0,0,0
0.350208,-0.000060,0.000000,273,1,0,0,2,0,1,0,0,0,0,0
0.350720,-0.000060,0.000000,273,1,0,0,2,0,1,0,0,0,0,0
0.351232,-0.000060,0.000000,273,1,0,0,2,0,1,0,0,0,0,0
0.351744,-0.000055,0.000000,273,1,0,0,2,0,1,0,0,0,0,0
0.352256,-0.000045,0.000000,273,1,0,0,2,0,1,0,0,0,0,0
0.352768,-0.000040,0.000000,273,1,0,0,2,0,1,0,0,0,0,0
0.353280,-0.000040,0.000000,273,1,0,0,2,0,1,0,0,0,0,0
0.353792,-0.000030,0.000000,273,1,0,0,2,0,1,0,0,0,0,0
0.354304,-0.000020,0.000000,273,1,0,0,2,0,1,0,0,0,0,0
0.354816,-0.000020,0.000000,273,1,0,0,2,0,1,0,0,0,0,0
0.355328,-0.000010,0.000000,273,1,0,0,2,0,1,0,0,0,0,0
0.355840,-0.000010,0.000000,273,1,0,0,2,0,1,0,0,0,0,0
0.356352,-0.000010,0.000000,273,1,0,0,2,0,1,0,0,0,0,0
0.356864,-0.000005,0.000000,273,1,0,0,2,0,1,0,0,0,0,0
0.357376,-0.000005,0.000000,273,1,0,0,2,0,1,0,0,0,0,0
0.357888,-0.000005,0.000000,273,1,0,0,2,0,1,0,0,0,0,0
0.358400,0.000000,0.000000,277,1,0,1,2,0,1,0,0,0,0,0
0.358912,0.000000,0.000000,277,1,0,1,2,0,1,0,0,0,0,0
0.359424,0.000000,0.000000,277,1,0,1,2,0,1,0,0,0,0,0
0.359936,0.000000,0.000000,277,1,0,1,2,0,1,0,0,0,0,0
0.360448,0.000000,0.000000,277,1,0,1,2,0,1,0,0,0,0,0
0.360960,-0.000005,0.000000,273,1,0,0,2,0,1,0,0,0,0,0
0.361472,-0.000005,0.000000,273,1,0,0,2,0,1,0,0,0,0,0
0.361984,-0.000010,0.000000,273,1,0,0,2,0,1,0,0,0,0,0
0.362496,-0.000015,0.000000,273,1,0,0,2,0,1,0,0,0,0,0
0.363008,-0.000015,0.000000,273,1,0,0,2,0,1,0,0,0,0,0
0.363520,-0.000020,0.000000,273,1,0,0,2,0,1,0,0,0,0,0
0.364032,-0.000025,0.000000,273,1,0,0,2,0,1,0,0,0,0,0
0.364544,-0.000030,0.000000,273,1,0,0,2,0,1,0,0,0,0,0
0.365056,-0.000035,0.000000,273,1,0,0,2,0,1,0,0,0,0,0
0.365568,-0.000035,0.000000,273,1,0,0,2,0,1,0,0,0,0,0
0.366080,-0.000035,0.000000,273,1,0,0,2,0,1,0,0,0,0,0
0.366592,-0.000040,0.000000,273,1,0,0,2,0,1,0,0,0,0,0
0.367104,-0.000045,0.000000,273,1,0,0,2,0,1,0,0,0,0,0
0.367616,-0.000050,0.000000,401,1,0,0,2,1,1,0,0,0,0,0
0.368128,-0.000050,0.000000,401,1,0,0,2,1,1,0,0,0,0,0
0.368640,-0.000050,0.000000,401,1,0,0,2,1,1,0,0,0,0,0
0.369152,-0.000055,0.000000,401,1,0,0,2,1,1,0,0,0,0,0
0.369664,-0.000055,0.000000,401,1,0,0,2,1,1,0,0,0,0,0
0.370176,-0.000060,0.000000,401,1,0,0,2,1,1,0,0,0,0,0
0.370688,-0.000065,0.000000,401,1,0,0,2,1,1,0,0,0,0,0
0.371200,-0.000065,0.000000,401,1,0,0,2,1,1,0,0,0,0,0
0.371712,-0.000070,0.000000,401,1,0,0,2,1,1,0,0,0,0,0
0.372224,-0.000070,0.000000,401,1,0,0,2,1,1,0,0,0,0,0
0.372736,-0.000080,0.000000,401,1,0,0,2,1,1,0,0,0,0,0
0.373248,-0.000080,0.000000,401,1,0,0,2,1,1,0,0,0,0,0
0.373760,-0.000080,0.000000,401,1,0,0,2,1,1,0,0,0,0,0
0.374272,-0.000085,0.000000,401,1,0,0,2,1,1,0,0,0,0,0
0.374784,-0.000090,0.000000,401,1,0,0,2,1,1,0,0,0,0,0
0.375296,-0.000090,0.000000,401,1,0,0,2,1,1,0,0,0,0,0
0.375808,-0.000080,0.000000,401,1,0,0,2,1,1,0,0,0,0,0
0.376320,-0.000075,0.000000,401,1,0,0,2,1,1,0,0,0,0,0
0.376832,-0.000075,0.000000,401,1,0,0,2,1,1,0,0,0,0,0
0.377344,-0.000085,0.000000,401,1,0,0,2,1,1,0,0,0,0,0
0.377856,-0.000085,0.000000,401,1,0,0,2,1,1,0,0,0,0,0
0.378368,-0.000085,0.000000,401,1,0,0,2,1,1,0,0,0,0,0
0.378880,-0.000080,0.000000,401,1,0,0,2,1,1,0,0,0,0,0
0.379392,-0.000070,0.000000,401,1,0,0,2,1,1,0,0,0,0,0
0.379904,-0.000065,0.000000,401,1,0,0,2,1,1,0,0,0,0,0
0.380416,-0.000065,0.000000,401,1,0,0,2,1,1,0,0,0,0,0
0.380928,-0.000070,0.000000,401,1,0,0,2,1,1,0,0,0,0,0
0.381440,-0.000070,0.000000,401,1,0,0,2,1,1,0,0,0,0,0
0.381952,-0.000065,0.000000,401,1,0,0,2,1,1,0,0,0,0,0
0.382464,-0.000055,0.000000,401,1,0,0,2,1,1,0,0,0,0,0
0.382976,-0.000045,0.000000,401,1,0,0,2,1,1,0,0,0,0,0
0.383488,-0.000040,0.000000,401,1,0,0,2,1,1,0,0,0,0,0
0.384000,-0.000035,0.000000,401,1,0,0,2,1,1,0,0,0,0,0
0.384512,-0.000035,0.000000,401,1,0,0,2,1,1,0,0,0,0,0
0.385024,-0.000030,0.000000,401,1,0,0,2,1,1,0,0,0,0,0
0.385536,-0.000025,0.000000,401,1,0,0,2,1,1,0,0,0,0,0
0.386048,-0.000015,0.000000,401,1,0,0,2,1,1,0,0,0,0,0
0.386560,-0.000015,0.000000,401,1,0,0,2,1,1,0,0,0,0,0
0.387072,-0.000010,0.000000,401,1,0,0,2,1,1,0,0,0,0,0
0.387584,-0.000005,0.000000,401,1,0,0,2,1,1,0,0,0,0,0
0.388096,0.000000,0.000000,405,1,0,1,2,1,1,0,0,0,0,0
0.388608,0.000000,0.000000,405,1,0,1,2,1,1,0,0,0,0,0
0.389120,0.000015,0.000000,401,1,0,0,2,1,1,0,0,0,0,0
0.389632,0.000025,0.000000,401,1,0,0,2,1,1,0,0,0,0,0
0.390144,0.000025,0.000000,401,1,0,0,2,1,1,0,0,0,0,0
0.390656,0.000025,0.000000,401,1,0,0,2,1,1,0,0,0,0,0
0.391168,0.000040,0.000000,401,1,0,0,2,1,1,0,0,0,0,0
0.391680,0.000040,0.000000,401,1,0,0,2,1,1,0,0,0,0,0
0.392192,0.000045,0.000000,401,1,0,0,2,1,1,0,0,0,0,0
0.392704,0.000045,0.000000,401,1,0,0,2,1,1,0,0,0,0,0
0.393216,0.000045,0.000000,401,1,0,0,2,1,1,0,0,0,0,0
0.393728,0.000045,0.000000,401,1,0,0,2,1,1,0,0,0,0,0
0.394240,0.000045,0.000000,401,1,0,0,2,1,1,0,0,0,0,0
0.394752,0.000045,0.000000,401,1,0,0,2,1,1,0,0,0,0,0
0.395264,0.000050,0.000000,401,1,0,0,2,1,1,0,0,0,0,0
0.395776,0.000050,0.000000,401,1,0,0,2,1,1,0,0,0,0,0
0.396288,0.000045,0.000000,401,1,0,0,2,1,1,0,0,0,0,0
0.396800,0.000040,0.000000,401,1,0,0,2,1,1,0,0,0,0,0
0.397312,0.000040,0.000000,401,1,0,0,2,1,1,0,0,0,0,0
0.397824,0.000040,0.000000,401,1,0,0,2,1,1,0,0,0,0,0
0.398336,0.000035,0.000000,401,1,0,0,2,1,1,0,0,0,0,0
0.398848,0.000020,0.000000,401,1,0,0,2,1,1,0,0,0,0,0
0.399360,0.000020,0.000000,401,1,0,0,2,1,1,0,0,0,0,0
0.399872,0.000020,0.000000,401,1,0,0,2,1,1,0,0,0,0,0
0.400384,0.000025,0.000000,401,1,0,0,2,1,1,0,0,0,0,0
0.400896,0.000020,0.000000,401,1,0,0,2,1,1,0,0,0,0,0
0.401408,0.000010,0.000000,401,1,0,0,2,1,1,0,0,0,0,0
0.401920,0.000010,0.000000,401,1,0,0,2,1,1,0,0,0,0,0
0.402432,0.000005,0.000000,401,1,0,0,2,1,1,0,0,0,0,0
0.402944,0.000000,0.000000,405,1,0,1,2,1,1,0,0,0,0,0
0.403456,-0.000010,0.000000,401,1,0,0,2,1,1,0,0,0,0,0
0.403968,-0.000015,0.000000,401,1,0,0,2,1,1,0,0,0,0,0
0.404480,-0.000015,0.000000,401,1,0,0,2,1,1,0,0,0,0,0
0.404992,-0.000020,0.000000,401,1,0,0,2,1,1,0,0,0,0,0
0.405504,-0.000020,0.000000,401,1,0,0,2,1,1,0,0,0,0,0
0.406016,-0.000030,0.000000,401,1,0,0,2,1,1,0,0,0,0,0
0.406528,-0.000035,0.000000,401,1,0,0,2,1,1,0,0,0,0,0
0.407040,-0.000040,0.000000,401,1,0,0,2,1,1,0,0,0,0,0
0.407552,-0.000040,0.000000,401,1,0,0,2,1,1,0,0,0,0,0
0.408064,-0.000040,0.000000,401,1,0,0,2,1,1,0,0,0,0,0
0.408576,-0.000045,0.000000,401,1,0,0,2,1,1,0,0,0,0,0
0.409088,-0.000055,0.000000,401,1,0,0,2,1,1,0,0,0,0,0
0.409600,-0.000055,0.000000,401,1,0,0,2,1,1,0,0,0,0,0
0.410112,-0.000060,0.000000,401,1,0,0,2,1,1,0,0,0,0,0
0.410624,-0.000060,0.000000,401,1,0,0,2,1,1,0,0,0,0,0
0.411136,-0.000065,0.000000,401,1,0,0,2,1,1,0,0,0,0,0
0.411648,-0.000065,0.000000,401,1,0,0,2,1,1,0,0,0,0,0
0.412160,-0.000070,0.000000,401,1,0,0,2,1,1,0,0,0,0,0
0.412672,-0.000065,0.000000,401,1,0,0,2,1,1,0,0,0,0,0
0.413184,-0.000065,0.000000,401,1,0,0,2,1,1,0,0,0,0,0
0.413696,-0.000060,0.000000,401,1,0,0,2,1,1,0,0,0,0,0
0.414208,-0.000055,0.000000,401,1,0,0,2,1,1,0,0,0,0,0
0.414720,-0.000060,0.000000,401,1,0,0,2,1,1,0,0,0,0,0
0.415232,-0.000060,0.000000,401,1,0,0,2,1,1,0,0,0,0,0
0.415744,-0.000055,0.000000,401,1,0,0,2,1,1,0,0,0,0,0
0.416256,-0.000050,0.000000,401,1,0,0,2,1,1,0,0,0,0,0
0.416768,-0.000045,0.000000,401,1,0,0,2,1,1,0,0,0,0,0
0.417280,-0.000045,0.000000,401,1,0,0,2,1,1,0,0,0,0,0
0.417792,-0.000045,0.000000,401,1,0,0,2,1,1,0,0,0,0,0
0.418304,-0.000040,0.000000,401,1,0,0,2,1,1,0,0,0,0,0
