Period (s),ActualPosition (mm),Gate,Trigger
0.000000,12.001890,0,0
0.000205,12.001890,0,0
0.000410,12.001890,0,0
0.000614,12.001895,0,0
0.000819,12.001895,0,0
0.001024,12.001895,0,0
0.001229,12.001900,0,0
0.001434,12.001905,0,0
0.001638,12.001910,0,0
0.001843,12.001910,0,0
0.002048,12.001915,0,0
0.002253,12.001915,0,0
0.002458,12.001925,0,0
0.002662,12.001935,0,0
0.002867,12.001950,0,0
0.003072,12.001965,0,0
0.003277,12.001985,0,0
0.003482,12.002005,0,0
0.003686,12.002025,0,0
0.003891,12.002050,0,0
0.004096,12.002085,0,0
0.004301,12.002115,0,0
0.004506,12.002150,0,0
0.004710,12.002195,0,0
0.004915,12.002250,0,0
0.005120,12.002300,0,0
0.005325,12.002360,0,0
0.005530,12.002420,0,0
0.005734,12.002495,0,0
0.005939,12.002570,0,0
0.006144,12.002650,0,0
0.006349,12.002720,0,0
0.006554,12.002815,0,0
0.006758,12.002915,0,0
0.006963,12.003020,0,0
0.007168,12.003140,0,0
0.007373,12.003260,0,0
0.007578,12.003395,0,0
0.007782,12.003540,0,0
0.007987,12.003695,0,0
0.008192,12.003865,0,0
0.008397,12.004045,0,0
0.008602,12.004235,0,0
0.008806,12.004440,0,0
0.009011,12.004650,0,0
0.009216,12.004870,0,0
0.009421,12.005095,0,0
0.009626,12.005325,0,0
0.009830,12.005570,0,0
0.010035,12.005815,0,0
0.010240,12.006075,0,0
0.010445,12.006350,0,0
0.010650,12.006630,0,0
0.010854,12.006915,0,0
0.011059,12.007215,0,0
0.011264,12.007525,0,0
0.011469,12.007840,0,0
0.011674,12.008160,0,0
0.011878,12.008490,0,0
0.012083,12.008835,0,0
0.012288,12.009185,0,0
0.012493,12.009525,0,0
0.012698,12.009885,0,0
0.012902,12.010250,0,0
0.013107,12.010625,0,0
0.013312,12.011010,0,0
0.013517,12.011405,0,0
0.013722,12.011810,0,0
0.013926,12.012220,0,0
0.014131,12.012640,0,0
0.014336,12.013065,0,0
0.014541,12.013500,0,0
0.014746,12.013940,0,0
0.014950,12.014400,0,0
0.015155,12.014860,0,0
0.015360,12.015315,0,0
0.015565,12.015785,0,0
0.015770,12.016255,0,0
0.015974,12.016750,0,0
0.016179,12.017245,0,0
0.016384,12.017760,0,0
0.016589,12.018275,0,0
0.016794,12.018805,0,0
0.016998,12.019340,0,0
0.017203,12.019885,0,0
0.017408,12.020440,0,0
0.017613,12.020995,0,0
0.017818,12.021555,0,0
0.018022,12.022120,0,0
0.018227,12.022695,0,0
0.018432,12.023280,0,0
0.018637,12.023870,0,0
0.018842,12.024460,0,0
0.019046,12.025070,0,0
0.019251,12.025690,0,0
0.019456,12.026315,0,0
0.019661,12.026950,0,0
0.019866,12.027590,0,0
0.020070,12.028245,0,0
0.020275,12.028910,0,0
0.020480,12.029590,0,0
0.020685,12.030275,0,0
0.020890,12.030970,0,0
0.021094,12.031665,0,0
0.021299,12.032365,0,0
0.021504,12.033070,0,0
0.021709,12.033790,0,0
0.021914,12.034525,0,0
0.022118,12.035265,0,0
0.022323,12.035995,0,0
0.022528,12.036735,0,0
0.022733,12.037510,0,0
0.022938,12.038300,0,0
0.023142,12.039085,0,0
0.023347,12.039885,0,0
0.023552,12.040685,0,0
0.023757,12.041495,0,0
0.023962,12.042315,0,0
0.024166,12.043135,0,0
0.024371,12.043965,0,0
0.024576,12.044810,0,0
0.024781,12.045675,0,0
0.024986,12.046535,0,0
0.025190,12.047390,0,0
0.025395,12.048270,0,0
0.025600,12.049165,0,0
0.025805,12.050065,0,0
0.026010,12.050975,0,0
0.026214,12.051895,0,0
0.026419,12.052820,0,0
0.026624,12.053730,0,0
0.026829,12.054660,0,0
0.027034,12.055600,0,0
0.027238,12.056540,0,0
0.027443,12.057490,0,0
0.027648,12.058450,0,0
0.027853,12.059420,0,0
0.028058,12.060405,0,0
0.028262,12.061390,0,0
0.028467,12.062380,0,0
0.028672,12.063360,0,0
0.028877,12.064345,0,0
0.029082,12.065330,0,0
0.029286,12.066310,0,0
0.029491,12.067305,0,0
0.029696,12.068305,0,0
0.029901,12.069300,0,0
0.030106,12.070295,0,0
0.030310,12.071305,0,0
0.030515,12.072310,0,0
0.030720,12.073300,0,0
0.030925,12.074295,0,0
0.031130,12.075300,0,0
0.031334,12.076290,0,0
0.031539,12.077285,0,0
0.031744,12.078285,0,0
0.031949,12.079305,0,0
0.032154,12.080335,0,0
0.032358,12.081370,0,0
0.032563,12.082405,0,0
0.032768,12.083425,0,0
0.032973,12.084420,0,0
0.033178,12.085440,0,0
0.033382,12.086445,0,0
0.033587,12.087445,0,0
0.033792,12.088455,0,0
0.033997,12.089470,0,0
0.034202,12.090480,0,0
0.034406,12.091490,0,0
0.034611,12.092505,0,0
0.034816,12.093525,0,0
0.035021,12.094540,0,0
0.035226,12.095550,0,0
0.035430,12.096555,0,0
0.035635,12.097570,0,0
0.035840,12.098600,0,0
0.036045,12.099635,0,0
0.036250,12.100675,0,0
0.036454,12.101705,0,0
0.036659,12.102725,0,0
0.036864,12.103745,0,0
0.037069,12.104755,0,0
0.037274,12.105780,0,0
0.037478,12.106800,0,0
0.037683,12.107825,0,0
0.037888,12.108845,0,0
0.038093,12.109885,0,0
0.038298,12.110930,0,0
0.038502,12.111960,0,0
0.038707,12.112990,0,0
0.038912,12.114015,0,0
0.039117,12.115050,0,0
0.039322,12.116065,0,0
0.039526,12.117080,0,0
0.039731,12.118130,0,0
0.039936,12.119175,0,0
0.040141,12.120215,0,0
0.040346,12.121245,0,0
0.040550,12.122285,0,0
0.040755,12.123315,0,0
0.040960,12.124335,0,0
0.041165,12.125370,0,0
0.041370,12.126410,0,0
0.041574,12.127435,0,0
0.041779,12.128465,0,0
0.041984,12.129505,0,0
0.042189,12.130540,0,0
0.042394,12.131575,0,0
0.042598,12.132610,0,0
0.042803,12.133630,0,0
0.043008,12.134645,0,0
0.043213,12.135665,0,0
0.043418,12.136680,0,0
0.043622,12.137695,0,0
0.043827,12.138720,0,0
0.044032,12.139760,0,0
0.044237,12.140795,0,0
0.044442,12.141840,0,0
0.044646,12.142870,0,0
0.044851,12.143895,0,0
0.045056,12.144920,0,0
0.045261,12.145940,0,0
0.045466,12.146965,0,0
0.045670,12.147995,0,0
0.045875,12.149025,0,0
0.046080,12.150040,0,0
0.046285,12.151070,0,0
0.046490,12.152095,0,0
0.046694,12.153105,0,0
0.046899,12.154115,0,0
0.047104,12.155130,0,0
0.047309,12.156135,0,0
0.047514,12.157135,0,0
0.047718,12.158145,0,0
0.047923,12.159175,0,0
0.048128,12.160215,0,0
0.048333,12.161255,0,0
0.048538,12.162290,0,0
0.048742,12.163320,0,0
0.048947,12.164325,0,0
0.049152,12.165355,0,0
0.049357,12.166375,0,0
0.049562,12.167385,0,0
0.049766,12.168405,0,0
0.049971,12.169425,0,0
0.050176,12.170445,0,0
0.050381,12.171450,0,0
0.050586,12.172460,0,0
0.050790,12.173490,0,0
0.050995,12.174500,0,0
0.051200,12.175510,0,0
0.051405,12.176510,0,0
0.051610,12.177520,0,0
0.051814,12.178540,0,0
0.052019,12.179575,0,0
0.052224,12.180610,0,0
0.052429,12.181630,0,0
0.052634,12.182640,0,0
0.052838,12.183655,0,0
0.053043,12.184650,0,0
0.053248,12.185660,0,0
0.053453,12.186665,0,0
0.053658,12.187670,0,0
0.053862,12.188680,0,0
0.054067,12.189705,0,0
0.054272,12.190720,0,0
0.054477,12.191735,0,0
0.054682,12.192750,0,0
0.054886,12.193755,0,0
0.055091,12.194760,0,0
0.055296,12.195760,0,0
0.055501,12.196750,0,0
0.055706,12.197755,0,0
0.055910,12.198785,0,0
0.056115,12.199810,0,0
0.056320,12.200825,0,0
0.056525,12.201845,0,0
0.056730,12.202855,0,0
0.056934,12.203855,0,0
0.057139,12.204870,0,0
0.057344,12.205890,0,0
0.057549,12.206905,0,0
0.057754,12.207905,0,0
0.057958,12.208925,0,0
0.058163,12.209955,0,0
0.058368,12.210970,0,0
0.058573,12.211995,0,0
0.058778,12.213010,0,0
0.058982,12.214005,0,0
0.059187,12.215010,0,0
0.059392,12.216025,0,0
0.059597,12.217030,0,0
0.059802,12.218045,0,0
0.060006,12.219055,0,0
0.060211,12.220085,0,0
0.060416,12.221125,0,0
0.060621,12.222160,0,0
0.060826,12.223185,0,0
0.061030,12.224205,0,0
0.061235,12.225220,0,0
0.061440,12.226230,0,0
0.061645,12.227250,0,0
0.061850,12.228270,0,0
0.062054,12.229285,0,0
0.062259,12.230310,0,0
0.062464,12.231330,0,0
0.062669,12.232345,0,0
0.062874,12.233350,0,0
0.063078,12.234360,0,0
0.063283,12.235370,0,0
0.063488,12.236375,0,0
0.063693,12.237380,0,0
0.063898,12.238390,0,0
0.064102,12.239415,0,0
0.064307,12.240455,0,0
0.064512,12.241500,0,0
0.064717,12.242540,0,0
0.064922,12.243560,0,0
0.065126,12.244565,0,0
0.065331,12.245590,0,0
0.065536,12.246610,0,0
0.065741,12.247625,0,0
0.065946,12.248645,0,0
0.066150,12.249675,0,0
0.066355,12.250685,0,0
0.066560,12.251700,0,0
0.066765,12.252720,0,0
0.066970,12.253745,0,0
0.067174,12.254775,0,0
0.067379,12.255795,0,0
0.067584,12.256805,0,0
0.067789,12.257830,0,0
0.067994,12.258865,0,0
0.068198,12.259910,0,0
0.068403,12.260950,0,0
0.068608,12.261985,0,0
0.068813,12.263010,0,0
0.069018,12.264030,0,0
0.069222,12.265050,0,0
0.069427,12.266070,0,0
0.069632,12.267095,0,0
0.069837,12.268120,0,0
0.070042,12.269150,0,0
0.070246,12.270190,0,0
0.070451,12.271225,0,0
0.070656,12.272255,0,0
0.070861,12.273285,0,0
0.071066,12.274315,0,0
0.071270,12.275340,0,0
0.071475,12.276355,0,0
0.071680,12.277375,0,0
0.071885,12.278420,0,0
0.072090,12.279470,0,0
0.072294,12.280515,0,0
0.072499,12.281550,0,0
0.072704,12.282595,0,0
0.072909,12.283625,0,0
0.073114,12.284655,0,0
0.073318,12.285695,0,0
0.073523,12.286735,0,0
0.073728,12.287760,0,0
0.073933,12.288805,0,0
0.074138,12.289855,0,0
0.074342,12.290895,0,0
0.074547,12.291940,0,0
0.074752,12.292980,0,0
0.074957,12.294005,0,0
0.075162,12.295040,0,0
0.075366,12.296075,0,0
0.075571,12.297100,0,0
0.075776,12.298140,0,0
0.075981,12.299180,0,0
0.076186,12.300235,0,0
0.076390,12.301290,0,0
0.076595,12.302340,0,0
0.076800,12.303380,0,0
0.077005,12.304420,0,0
0.077210,12.305455,0,0
0.077414,12.306480,0,0
0.077619,12.307520,0,0
0.077824,12.308555,0,0
0.078029,12.309580,0,0
0.078234,12.310615,0,0
0.078438,12.311650,0,0
0.078643,12.312675,0,0
0.078848,12.313690,0,0
0.079053,12.314720,0,0
0.079258,12.315750,0,0
0.079462,12.316755,0,0
0.079667,12.317770,0,0
0.079872,12.318800,0,0
0.080077,12.319840,0,0
0.080282,12.320890,0,0
0.080486,12.321955,0,0
0.080691,12.322995,0,0
0.080896,12.324005,0,0
0.081101,12.325030,0,0
0.081306,12.326055,0,0
0.081510,12.327070,0,0
0.081715,12.328090,0,0
0.081920,12.329115,0,0
0.082125,12.330135,0,0
0.082330,12.331150,0,0
0.082534,12.332170,0,0
0.082739,12.333190,0,0
0.082944,12.334220,0,0
0.083149,12.335240,0,0
0.083354,12.336250,0,0
0.083558,12.337255,0,0
0.083763,12.338290,0,0
0.083968,12.339325,0,0
0.084173,12.340355,0,0
0.084378,12.341380,0,0
0.084582,12.342400,0,0
0.084787,12.343415,0,0
0.084992,12.344420,0,0
0.085197,12.345425,0,0
0.085402,12.346430,0,0
0.085606,12.347440,0,0
0.085811,12.348450,0,0
0.086016,12.349470,0,0
0.086221,12.350490,0,0
0.086426,12.351510,0,0
0.086630,12.352515,0,0
0.086835,12.353530,0,0
0.087040,12.354535,0,0
0.087245,12.355535,0,0
0.087450,12.356525,0,0
0.087654,12.357525,0,0
0.087859,12.358550,0,0
0.088064,12.359575,0,0
0.088269,12.360590,0,0
0.088474,12.361595,0,0
0.088678,12.362605,0,0
0.088883,12.363605,0,0
0.089088,12.364605,0,0
0.089293,12.365620,0,0
0.089498,12.366630,0,0
0.089702,12.367620,0,0
0.089907,12.368620,0,0
0.090112,12.369650,0,0
0.090317,12.370655,0,0
0.090522,12.371655,0,0
0.090726,12.372670,0,0
0.090931,12.373660,0,0
0.091136,12.374655,0,0
0.091341,12.375650,0,0
0.091546,12.376645,0,0
0.091750,12.377635,0,0
0.091955,12.378635,0,0
0.092160,12.379640,0,0
0.092365,12.380650,0,0
0.092570,12.381675,0,0
0.092774,12.382680,0,0
0.092979,12.383675,0,0
0.093184,12.384685,0,0
0.093389,12.385675,0,0
0.093594,12.386680,0,0
0.093798,12.387685,0,0
0.094003,12.388685,0,0
0.094208,12.389685,0,0
0.094413,12.390695,0,0
0.094618,12.391705,0,0
0.094822,12.392705,0,0
0.095027,12.393695,0,0
0.095232,12.394705,0,0
0.095437,12.395700,0,0
0.095642,12.396690,0,0
0.095846,12.397685,0,0
0.096051,12.398695,0,0
0.096256,12.399720,0,0
0.096461,12.400750,0,0
0.096666,12.401780,0,0
0.096870,12.402815,0,0
0.097075,12.403810,0,0
0.097280,12.404820,0,0
0.097485,12.405835,0,0
0.097690,12.406850,0,0
0.097894,12.407855,0,0
0.098099,12.408870,0,0
0.098304,12.409880,0,0
0.098509,12.410890,0,0
0.098714,12.411900,0,0
0.098918,12.412915,0,0
0.099123,12.413940,0,0
0.099328,12.414965,0,0
0.099533,12.415970,0,0
0.099738,12.416975,0,0
0.099942,12.418000,0,0
0.100147,12.419030,0,0
0.100352,12.420070,0,0
0.100557,12.421105,0,0
0.100762,12.422135,0,0
0.100966,12.423155,0,0
0.101171,12.424170,0,0
0.101376,12.425190,0,0
0.101581,12.426205,0,0
0.101786,12.427225,0,0
0.101990,12.428250,0,0
0.102195,12.429280,0,0
0.102400,12.430310,0,0
0.102605,12.431340,0,0
0.102810,12.432365,0,0
0.103014,12.433390,0,0
0.103219,12.434415,0,0
0.103424,12.435445,0,0
0.103629,12.436455,0,0
0.103834,12.437480,0,0
0.104038,12.438520,0,0
0.104243,12.439565,0,0
0.104448,12.440600,0,0
0.104653,12.441630,0,0
0.104858,12.442665,0,0
0.105062,12.443685,0,0
0.105267,12.444715,0,0
0.105472,12.445750,0,0
0.105677,12.446780,0,0
0.105882,12.447795,0,0
0.106086,12.448820,0,0
0.106291,12.449865,0,0
0.106496,12.450900,0,0
0.106701,12.451935,0,0
0.106906,12.452965,0,0
0.107110,12.453985,0,0
0.107315,12.455010,0,0
0.107520,12.456035,0,0
0.107725,12.457060,0,0
0.107930,12.458085,0,0
0.108134,12.459115,0,0
0.108339,12.460155,0,0
0.108544,12.461200,0,0
0.108749,12.462250,0,0
0.108954,12.463280,0,0
0.109158,12.464305,0,0
0.109363,12.465345,0,0
0.109568,12.466365,0,0
0.109773,12.467400,0,0
0.109978,12.468430,0,0
0.110182,12.469460,0,0
0.110387,12.470495,0,0
0.110592,12.471520,0,0
0.110797,12.472550,0,0
0.111002,12.473565,0,0
0.111206,12.474585,0,0
0.111411,12.475605,0,0
0.111616,12.476625,0,0
0.111821,12.477635,0,0
0.112026,12.478660,0,0
0.112230,12.479695,0,0
0.112435,12.480740,0,0
0.112640,12.481790,0,0
0.112845,12.482835,0,0
0.113050,12.483840,0,0
0.113254,12.484855,0,0
0.113459,12.485880,0,0
0.113664,12.486895,0,0
0.113869,12.487915,0,0
0.114074,12.488935,0,0
0.114278,12.489945,0,0
0.114483,12.490955,0,0
0.114688,12.491970,0,0
0.114893,12.492995,0,0
0.115098,12.494010,0,0
0.115302,12.495040,0,0
0.115507,12.496045,0,0
0.115712,12.497055,0,0
0.115917,12.498075,0,0
0.116122,12.499105,0,0
0.116326,12.500135,0,0
0.116531,12.501170,0,0
0.116736,12.502190,0,0
0.116941,12.503205,0,0
0.117146,12.504210,0,0
0.117350,12.505220,0,0
0.117555,12.506235,0,0
0.117760,12.507250,0,0
0.117965,12.508260,0,0
0.118170,12.509280,0,0
0.118374,12.510305,0,0
0.118579,12.511330,0,0
0.118784,12.512345,0,0
0.118989,12.513360,0,0
0.119194,12.514380,0,0
0.119398,12.515385,0,0
0.119603,12.516390,0,0
0.119808,12.517400,0,0
0.120013,12.518440,0,0
0.120218,12.519470,0,0
0.120422,12.520495,0,0
0.120627,12.521515,0,0
0.120832,12.522540,0,0
0.121037,12.523560,0,0
0.121242,12.524570,0,0
0.121446,12.525600,0,0
0.121651,12.526620,0,0
0.121856,12.527625,0,0
0.122061,12.528650,0,0
0.122266,12.529685,0,0
0.122470,12.530710,0,0
0.122675,12.531735,0,0
0.122880,12.532755,0,0
0.123085,12.533765,0,0
0.123290,12.534775,0,0
0.123494,12.535790,0,0
0.123699,12.536810,0,0
0.123904,12.537830,0,0
0.124109,12.538845,0,0
0.124314,12.539875,0,0
0.124518,12.540915,0,0
0.124723,12.541950,0,0
0.124928,12.542970,0,0
0.125133,12.543995,0,0
0.125338,12.545015,0,0
0.125542,12.546030,0,0
0.125747,12.547050,0,0
0.125952,12.548080,0,0
0.126157,12.549095,0,0
0.126362,12.550115,0,0
0.126566,12.551135,0,0
0.126771,12.552160,0,0
0.126976,12.553175,0,0
0.127181,12.554190,0,0
0.127386,12.555215,0,0
0.127590,12.556215,0,0
0.127795,12.557215,0,0
0.128000,12.558230,0,0
0.128205,12.559260,0,0
0.128410,12.560295,0,0
0.128614,12.561340,0,0
0.128819,12.562380,0,0
0.129024,12.563405,0,0
0.129229,12.564405,0,0
0.129434,12.565440,0,0
0.129638,12.566455,0,0
0.129843,12.567465,0,0
0.130048,12.568480,0,0
0.130253,12.569505,0,0
0.130458,12.570525,0,0
0.130662,12.571535,0,0
0.130867,12.572550,0,0
0.131072,12.573570,0,0
0.131277,12.574590,0,0
0.131482,12.575605,0,0
0.131686,12.576605,0,0
0.131891,12.577630,0,0
0.132096,12.578655,0,0
0.132301,12.579685,0,0
0.132506,12.580720,0,0
0.132710,12.581750,0,0
0.132915,12.582775,0,0
0.133120,12.583785,0,0
0.133325,12.584795,0,0
0.133530,12.585815,0,0
0.133734,12.586825,0,0
0.133939,12.587835,0,0
0.134144,12.588850,0,0
0.134349,12.589885,0,0
0.134554,12.590905,0,0
0.134758,12.591930,0,0
0.134963,12.592950,0,0
0.135168,12.593965,0,0
0.135373,12.594975,0,0
0.135578,12.595985,0,0
0.135782,12.596990,0,0
0.135987,12.598020,0,0
0.136192,12.599050,0,0
0.136397,12.600080,0,0
0.136602,12.601100,0,0
0.136806,12.602125,0,0
0.137011,12.603140,0,0
0.137216,12.604155,0,0
0.137421,12.605180,0,0
0.137626,12.606205,0,0
0.137830,12.607225,0,0
0.138035,12.608235,0,0
0.138240,12.609265,0,0
0.138445,12.610300,0,0
0.138650,12.611320,0,0
0.138854,12.612355,0,0
0.139059,12.613370,0,0
0.139264,12.614380,0,0
0.139469,12.615395,0,0
0.139674,12.616410,0,0
0.139878,12.617425,0,0
0.140083,12.618445,0,0
0.140288,12.619470,0,0
0.140493,12.620515,0,0
0.140698,12.621560,0,0
0.140902,12.622590,0,0
0.141107,12.623615,0,0
0.141312,12.624645,0,0
0.141517,12.625670,0,0
0.141722,12.626690,0,0
0.141926,12.627720,0,0
0.142131,12.628740,0,0
0.142336,12.629765,0,0
0.142541,12.630800,0,0
0.142746,12.631830,0,0
0.142950,12.632845,0,0
0.143155,12.633845,0,0
0.143360,12.634870,0,0
0.143565,12.635880,0,0
0.143770,12.636890,0,0
0.143974,12.637900,0,0
0.144179,12.638930,0,0
0.144384,12.639965,0,0
0.144589,12.641015,0,0
0.144794,12.642065,0,0
0.144998,12.643110,0,0
0.145203,12.644115,0,0
0.145408,12.645150,0,0
0.145613,12.646175,0,0
0.145818,12.647195,0,0
0.146022,12.648225,0,0
0.146227,12.649245,0,0
0.146432,12.650265,0,0
0.146637,12.651275,0,0
0.146842,12.652295,0,0
0.147046,12.653325,0,0
0.147251,12.654345,0,0
0.147456,12.655365,0,0
0.147661,12.656370,0,0
0.147866,12.657395,0,0
0.148070,12.658430,0,0
0.148275,12.659460,0,0
0.148480,12.660510,0,0
0.148685,12.661540,0,0
0.148890,12.662570,0,0
0.149094,12.663595,0,0
0.149299,12.664610,0,0
0.149504,12.665625,0,0
0.149709,12.666645,0,0
0.149914,12.667660,0,0
0.150118,12.668680,0,0
0.150323,12.669720,0,0
0.150528,12.670745,0,0
0.150733,12.671760,0,0
0.150938,12.672775,0,0
0.151142,12.673790,0,0
0.151347,12.674810,0,0
0.151552,12.675820,0,0
0.151757,12.676825,0,0
0.151962,12.677850,0,0
0.152166,12.678880,0,0
0.152371,12.679910,0,0
0.152576,12.680930,0,0
0.152781,12.681960,0,0
0.152986,12.682980,0,0
0.153190,12.684000,0,0
0.153395,12.685020,0,0
0.153600,12.686045,0,0
0.153805,12.687065,0,0
0.154010,12.688070,0,0
0.154214,12.689095,0,0
0.154419,12.690125,0,0
0.154624,12.691155,0,0
0.154829,12.692180,0,0
0.155034,12.693205,0,0
0.155238,12.694205,0,0
0.155443,12.695215,0,0
0.155648,12.696230,0,0
0.155853,12.697245,0,0
0.156058,12.698270,0,0
0.156262,12.699290,0,0
0.156467,12.700325,0,0
0.156672,12.701365,0,0
0.156877,12.702395,0,0
0.157082,12.703420,0,0
0.157286,12.704440,0,0
0.157491,12.705460,0,0
0.157696,12.706470,0,0
0.157901,12.707490,0,0
0.158106,12.708510,0,0
0.158310,12.709525,0,0
0.158515,12.710545,0,0
0.158720,12.711565,0,0
0.158925,12.712575,0,0
0.159130,12.713580,0,0
0.159334,12.714590,0,0
0.159539,12.715600,0,0
0.159744,12.716600,0,0
0.159949,12.717600,0,0
0.160154,12.718610,0,0
0.160358,12.719640,0,0
0.160563,12.720680,0,0
0.160768,12.721715,0,0
0.160973,12.722755,0,0
0.161178,12.723755,0,0
0.161382,12.724770,0,0
0.161587,12.725785,0,0
0.161792,12.726795,0,0
0.161997,12.727810,0,0
0.162202,12.728825,0,0
0.162406,12.729835,0,0
0.162611,12.730850,0,0
0.162816,12.731855,0,0
0.163021,12.732875,0,0
0.163226,12.733890,0,0
0.163430,12.734910,0,0
0.163635,12.735915,0,0
0.163840,12.736915,0,0
0.164045,12.737940,0,0
0.164250,12.738970,0,0
0.164454,12.739995,0,0
0.164659,12.741025,0,0
0.164864,12.742050,0,0
0.165069,12.743055,0,0
0.165274,12.744065,0,0
0.165478,12.745070,0,0
0.165683,12.746080,0,0
0.165888,12.747080,0,0
0.166093,12.748095,0,0
0.166298,12.749110,0,0
0.166502,12.750135,0,0
0.166707,12.751165,0,0
0.166912,12.752180,0,0
0.167117,12.753190,0,0
0.167322,12.754220,0,0
0.167526,12.755235,0,0
0.167731,12.756240,0,0
0.167936,12.757250,0,0
0.168141,12.758285,0,0
0.168346,12.759310,0,0
0.168550,12.760345,0,0
0.168755,12.761365,0,0
0.168960,12.762395,0,0
0.169165,12.763405,0,0
0.169370,12.764415,0,0
0.169574,12.765445,0,0
0.169779,12.766465,0,0
0.169984,12.767480,0,0
0.170189,12.768495,0,0
0.170394,12.769530,0,0
0.170598,12.770565,0,0
0.170803,12.771590,0,0
0.171008,12.772615,0,0
0.171213,12.773625,0,0
0.171418,12.774630,0,0
0.171622,12.775650,0,0
0.171827,12.776665,0,0
0.172032,12.777680,0,0
0.172237,12.778705,0,0
0.172442,12.779730,0,0
0.172646,12.780765,0,0
0.172851,12.781800,0,0
0.173056,12.782820,0,0
0.173261,12.783840,0,0
0.173466,12.784855,0,0
0.173670,12.785875,0,0
0.173875,12.786895,0,0
0.174080,12.787915,0,0
0.174285,12.788935,0,0
0.174490,12.789960,0,0
0.174694,12.790985,0,0
0.174899,12.792010,0,0
0.175104,12.793025,0,0
0.175309,12.794030,0,0
0.175514,12.795050,0,0
0.175718,12.796060,0,0
0.175923,12.797070,0,0
0.176128,12.798080,0,0
0.176333,12.799110,0,0
0.176538,12.800150,0,0
0.176742,12.801195,0,0
0.176947,12.802240,0,0
0.177152,12.803265,0,0
0.177357,12.804275,0,0
0.177562,12.805305,0,0
0.177766,12.806320,0,0
0.177971,12.807330,0,0
0.178176,12.808355,0,0
0.178381,12.809380,0,0
0.178586,12.810400,0,0
0.178790,12.811405,0,0
0.178995,12.812425,0,0
0.179200,12.813445,0,0
0.179405,12.814475,0,0
0.179610,12.815495,0,0
0.179814,12.816500,0,0
0.180019,12.817520,0,0
0.180224,12.818545,0,0
0.180429,12.819580,0,0
0.180634,12.820620,0,0
0.180838,12.821650,0,0
0.181043,12.822675,0,0
0.181248,12.823690,0,0
0.181453,12.824700,0,0
0.181658,12.825720,0,0
0.181862,12.826735,0,0
0.182067,12.827750,0,0
0.182272,12.828770,0,0
0.182477,12.829810,0,0
0.182682,12.830845,0,0
0.182886,12.831875,0,0
0.183091,12.832895,0,0
0.183296,12.833925,0,0
0.183501,12.834950,0,0
0.183706,12.835960,0,0
0.183910,12.836975,0,0
0.184115,12.838015,0,0
0.184320,12.839055,0,0
0.184525,12.840090,0,0
0.184730,12.841120,0,0
0.184934,12.842160,0,0
0.185139,12.843185,0,0
0.185344,12.844210,0,0
0.185549,12.845245,0,0
0.185754,12.846285,0,0
0.185958,12.847310,0,0
0.186163,12.848335,0,0
0.186368,12.849375,0,0
0.186573,12.850415,0,0
0.186778,12.851450,0,0
0.186982,12.852495,0,0
0.187187,12.853520,0,0
0.187392,12.854535,0,0
0.187597,12.855570,0,0
0.187802,12.856595,0,0
0.188006,12.857615,0,0
0.188211,12.858650,0,0
0.188416,12.859685,0,0
0.188621,12.860730,0,0
0.188826,12.861780,0,0
0.189030,12.862820,0,0
0.189235,12.863850,0,0
0.189440,12.864880,0,0
0.189645,12.865905,0,0
0.189850,12.866940,0,0
0.190054,12.867980,0,0
0.190259,12.869010,0,0
0.190464,12.870035,0,0
0.190669,12.871075,0,0
0.190874,12.872110,0,0
0.191078,12.873130,0,0
0.191283,12.874150,0,0
0.191488,12.875180,0,0
0.191693,12.876195,0,0
0.191898,12.877205,0,0
0.192102,12.878225,0,0
0.192307,12.879260,0,0
0.192512,12.880310,0,0
0.192717,12.881360,0,0
0.192922,12.882405,0,0
0.193126,12.883435,0,0
0.193331,12.884445,0,0
0.193536,12.885480,0,0
0.193741,12.886505,0,0
0.193946,12.887525,0,0
0.194150,12.888560,0,0
0.194355,12.889585,0,0
0.194560,12.890605,0,0
0.194765,12.891620,0,0
0.194970,12.892640,0,0
0.195174,12.893665,0,0
0.195379,12.894690,0,0
0.195584,12.895700,0,0
0.195789,12.896705,0,0
0.195994,12.897725,0,0
0.196198,12.898750,0,0
0.196403,12.899780,0,0
0.196608,12.900810,0,0
0.196813,12.901830,0,0
0.197018,12.902845,0,0
0.197222,12.903860,0,0
0.197427,12.904860,0,0
0.197632,12.905875,0,0
0.197837,12.906880,0,0
0.198042,12.907890,0,0
0.198246,12.908910,0,0
0.198451,12.909935,0,0
0.198656,12.910950,0,0
0.198861,12.911965,0,0
0.199066,12.912975,0,0
0.199270,12.913980,0,0
0.199475,12.914985,0,0
0.199680,12.915980,0,0
0.199885,12.916975,0,0
0.200090,12.917990,0,0
0.200294,12.919010,0,0
0.200499,12.920030,0,0
0.200704,12.921040,0,0
0.200909,12.922055,0,0
0.201114,12.923065,0,0
0.201318,12.924070,0,0
0.201523,12.925080,0,0
0.201728,12.926100,0,0
0.201933,12.927110,0,0
0.202138,12.928115,0,0
0.202342,12.929135,0,0
0.202547,12.930155,0,0
0.202752,12.931165,0,0
0.202957,12.932195,0,0
0.203162,12.933200,0,0
0.203366,12.934195,0,0
0.203571,12.935205,0,0
0.203776,12.936205,0,0
0.203981,12.937210,0,0
0.204186,12.938220,0,0
0.204390,12.939245,0,0
0.204595,12.940270,0,0
0.204800,12.941305,0,0
0.205005,12.942330,0,0
0.205210,12.943350,0,0
0.205414,12.944370,0,0
0.205619,12.945385,0,0
0.205824,12.946395,0,0
0.206029,12.947420,0,0
0.206234,12.948440,0,0
0.206438,12.949455,0,0
0.206643,12.950465,0,0
0.206848,12.951485,0,0
0.207053,12.952505,0,0
0.207258,12.953510,0,0
0.207462,12.954520,0,0
0.207667,12.955530,0,0
0.207872,12.956530,0,0
0.208077,12.957530,0,0
0.208282,12.958555,0,0
0.208486,12.959590,0,0
0.208691,12.960625,0,0
0.208896,12.961670,0,0
0.209101,12.962710,0,0
0.209306,12.963725,0,0
0.209510,12.964740,0,0
0.209715,12.965765,0,0
0.209920,12.966780,0,0
0.210125,12.967800,0,0
0.210330,12.968820,0,0
0.210534,12.969835,0,0
0.210739,12.970850,0,0
0.210944,12.971865,0,0
0.211149,12.972885,0,0
0.211354,12.973905,0,0
0.211558,12.974930,0,0
0.211763,12.975935,0,0
0.211968,12.976945,0,0
0.212173,12.977965,0,0
0.212378,12.979000,0,0
0.212582,12.980030,0,0
0.212787,12.981070,0,0
0.212992,12.982105,0,0
0.213197,12.983130,0,0
0.213402,12.984145,0,0
0.213606,12.985155,0,0
0.213811,12.986175,0,0
0.214016,12.987190,0,0
0.214221,12.988215,0,0
0.214426,12.989240,0,0
0.214630,12.990270,0,0
0.214835,12.991300,0,0
0.215040,12.992320,0,0
0.215245,12.993345,0,0
0.215450,12.994370,0,0
0.215654,12.995385,0,0
0.215859,12.996390,0,0
0.216064,12.997410,0,0
0.216269,12.998455,0,0
0.216474,12.999485,0,0
0.216678,13.000525,1,1
0.216883,13.001560,1,0
0.217088,13.002590,1,0
0.217293,13.003615,1,0
0.217498,13.004635,1,0
0.217702,13.005670,1,0
0.217907,13.006705,1,0
0.218112,13.007720,1,0
0.218317,13.008750,1,0
0.218522,13.009785,1,0
0.218726,13.010820,1,0
0.218931,13.011850,1,0
0.219136,13.012885,1,0
0.219341,13.013895,1,0
0.219546,13.014915,1,0
0.219750,13.015935,1,0
0.219955,13.016960,1,0
0.220160,13.017990,1,0
0.220365,13.019010,1,0
0.220570,13.020050,1,0
0.220774,13.021090,1,0
0.220979,13.022140,1,0
0.221184,13.023175,1,0
0.221389,13.024205,1,0
0.221594,13.025235,1,0
0.221798,13.026260,1,0
0.222003,13.027290,1,0
0.222208,13.028330,1,0
0.222413,13.029355,1,0
0.222618,13.030385,1,0
0.222822,13.031415,1,0
0.223027,13.032445,1,0
0.223232,13.033455,1,0
0.223437,13.034485,1,0
0.223642,13.035515,1,0
0.223846,13.036530,1,0
0.224051,13.037545,1,0
0.224256,13.038570,1,0
0.224461,13.039615,1,0
0.224666,13.040665,1,0
0.224870,13.041720,1,0
0.225075,13.042770,1,0
0.225280,13.043790,1,0
0.225485,13.044825,1,0
0.225690,13.045850,1,0
0.225894,13.046870,1,0
0.226099,13.047905,1,0
0.226304,13.048930,1,0
0.226509,13.049955,1,0
0.226714,13.050975,1,0
0.226918,13.052000,1,0
0.227123,13.053030,1,0
0.227328,13.054065,1,0
0.227533,13.055090,1,0
0.227738,13.056110,1,0
0.227942,13.057120,1,0
0.228147,13.058150,1,0
0.228352,13.059190,1,0
0.228557,13.060230,1,0
0.228762,13.061265,1,0
0.228966,13.062295,1,0
0.229171,13.063315,1,0
0.229376,13.064330,1,0
0.229581,13.065345,1,0
0.229786,13.066365,1,0
0.229990,13.067380,1,0
0.230195,13.068400,1,0
0.230400,13.069430,1,0
0.230605,13.070460,1,0
0.230810,13.071480,1,0
0.231014,13.072500,1,0
0.231219,13.073515,1,0
0.231424,13.074540,1,0
0.231629,13.075550,1,0
0.231834,13.076550,1,0
0.232038,13.077560,1,0
0.232243,13.078595,1,0
0.232448,13.079625,1,0
0.232653,13.080645,1,0
0.232858,13.081660,1,0
0.233062,13.082680,1,0
0.233267,13.083690,1,0
0.233472,13.084700,1,0
0.233677,13.085725,1,0
0.233882,13.086735,1,0
0.234086,13.087740,1,0
0.234291,13.088750,1,0
0.234496,13.089780,1,0
0.234701,13.090805,1,0
0.234906,13.091815,1,0
0.235110,13.092840,1,0
0.235315,13.093835,1,0
0.235520,13.094840,1,0
0.235725,13.095850,1,0
0.235930,13.096850,1,0
0.236134,13.097855,1,0
0.236339,13.098855,1,0
0.236544,13.099880,1,0
0.236749,13.100905,1,0
0.236954,13.101925,1,0
0.237158,13.102935,1,0
0.237363,13.103950,1,0
0.237568,13.104960,1,0
0.237773,13.105965,1,0
0.237978,13.106970,1,0
0.238182,13.107985,1,0
0.238387,13.108990,1,0
0.238592,13.109990,1,0
0.238797,13.111000,1,0
0.239002,13.112015,1,0
0.239206,13.113010,1,0
0.239411,13.114000,1,0
0.239616,13.115005,1,0
0.239821,13.116000,1,0
0.240026,13.116985,1,0
0.240230,13.117990,1,0
0.240435,13.118995,1,0
0.240640,13.120025,1,0
0.240845,13.121045,1,0
0.241050,13.122080,1,0
0.241254,13.123105,1,0
0.241459,13.124100,1,0
0.241664,13.125110,1,0
0.241869,13.126115,1,0
0.242074,13.127125,1,0
0.242278,13.128140,1,0
0.242483,13.129155,1,0
0.242688,13.130165,1,0
0.242893,13.131165,1,0
0.243098,13.132170,1,0
0.243302,13.133185,1,0
0.243507,13.134205,1,0
0.243712,13.135220,1,0
0.243917,13.136215,1,0
0.244122,13.137225,1,0
0.244326,13.138240,1,0
0.244531,13.139265,1,0
0.244736,13.140305,1,0
0.244941,13.141340,1,0
0.245146,13.142355,1,0
0.245350,13.143375,1,0
0.245555,13.144380,1,0
0.245760,13.145385,1,0
0.245965,13.146400,1,0
0.246170,13.147415,1,0
0.246374,13.148425,1,0
0.246579,13.149455,1,0
0.246784,13.150485,1,0
0.246989,13.151505,1,0
0.247194,13.152525,1,0
0.247398,13.153540,1,0
0.247603,13.154555,1,0
0.247808,13.155565,1,0
0.248013,13.156570,1,0
0.248218,13.157585,1,0
0.248422,13.158620,1,0
0.248627,13.159650,1,0
0.248832,13.160680,1,0
0.249037,13.161700,1,0
0.249242,13.162725,1,0
0.249446,13.163740,1,0
0.249651,13.164755,1,0
0.249856,13.165790,1,0
0.250061,13.166810,1,0
0.250266,13.167825,1,0
0.250470,13.168850,1,0
0.250675,13.169885,1,0
0.250880,13.170910,1,0
0.251085,13.171930,1,0
0.251290,13.172960,1,0
0.251494,13.173960,1,0
0.251699,13.174975,1,0
0.251904,13.175985,1,0
0.252109,13.176990,1,0
0.252314,13.178005,1,0
0.252518,13.179030,1,0
0.252723,13.180060,1,0
0.252928,13.181100,1,0
0.253133,13.182145,1,0
0.253338,13.183170,1,0
0.253542,13.184190,1,0
0.253747,13.185215,1,0
0.253952,13.186235,1,0
0.254157,13.187260,1,0
0.254362,13.188285,1,0
0.254566,13.189310,1,0
0.254771,13.190335,1,0
0.254976,13.191365,1,0
0.255181,13.192390,1,0
0.255386,13.193405,1,0
0.255590,13.194410,1,0
0.255795,13.195425,1,0
0.256000,13.196430,1,0
0.256205,13.197435,1,0
0.256410,13.198455,1,0
0.256614,13.199485,1,0
0.256819,13.200530,1,0
0.257024,13.201580,1,0
0.257229,13.202625,1,0
0.257434,13.203645,1,0
0.257638,13.204660,1,0
0.257843,13.205685,1,0
0.258048,13.206710,1,0
0.258253,13.207725,1,0
0.258458,13.208750,1,0
0.258662,13.209775,1,0
0.258867,13.210785,1,0
0.259072,13.211805,1,0
0.259277,13.212825,1,0
0.259482,13.213845,1,0
0.259686,13.214870,1,0
0.259891,13.215885,1,0
0.260096,13.216895,1,0
0.260301,13.217915,1,0
0.260506,13.218945,1,0
0.260710,13.219975,1,0
0.260915,13.221010,1,0
0.261120,13.222035,1,0
0.261325,13.223060,1,0
0.261530,13.224070,1,0
0.261734,13.225080,1,0
0.261939,13.226090,1,0
0.262144,13.227105,1,0
0.262349,13.228125,1,0
0.262554,13.229145,1,0
0.262758,13.230180,1,0
0.262963,13.231205,1,0
0.263168,13.232225,1,0
0.263373,13.233235,1,0
0.263578,13.234260,1,0
0.263782,13.235275,1,0
0.263987,13.236275,1,0
0.264192,13.237285,1,0
0.264397,13.238320,1,0
0.264602,13.239355,1,0
0.264806,13.240385,1,0
0.265011,13.241415,1,0
0.265216,13.242445,1,0
0.265421,13.243460,1,0
0.265626,13.244480,1,0
0.265830,13.245510,1,0
0.266035,13.246545,1,0
0.266240,13.247555,1,0
0.266445,13.248580,1,0
0.266650,13.249610,1,0
0.266854,13.250650,1,0
0.267059,13.251680,1,0
0.267264,13.252720,1,0
0.267469,13.253730,1,0
0.267674,13.254745,1,0
0.267878,13.255775,1,0
0.268083,13.256785,1,0
0.268288,13.257810,1,0
0.268493,13.258840,1,0
0.268698,13.259880,1,0
0.268902,13.260925,1,0
0.269107,13.261970,1,0
0.269312,13.263005,1,0
0.269517,13.264025,1,0
0.269722,13.265055,1,0
0.269926,13.266075,1,0
0.270131,13.267100,1,0
0.270336,13.268130,1,0
0.270541,13.269155,1,0
0.270746,13.270175,1,0
0.270950,13.271210,1,0
0.271155,13.272235,1,0
0.271360,13.273250,1,0
0.271565,13.274265,1,0
0.271770,13.275285,1,0
0.271974,13.276300,1,0
0.272179,13.277300,1,0
0.272384,13.278315,1,0
0.272589,13.279355,1,0
0.272794,13.280400,1,0
0.272998,13.281445,1,0
0.273203,13.282490,1,0
0.273408,13.283520,1,0
0.273613,13.284525,1,0
0.273818,13.285560,1,0
0.274022,13.286575,1,0
0.274227,13.287590,1,0
0.274432,13.288615,1,0
0.274637,13.289640,1,0
0.274842,13.290665,1,0
0.275046,13.291685,1,0
0.275251,13.292705,1,0
0.275456,13.293735,1,0
0.275661,13.294770,1,0
0.275866,13.295785,1,0
0.276070,13.296805,1,0
0.276275,13.297835,1,0
0.276480,13.298865,1,0
0.276685,13.299910,1,0
0.276890,13.300950,1,0
0.277094,13.301980,1,0
0.277299,13.303010,1,0
0.277504,13.304025,1,0
0.277709,13.305040,1,0
0.277914,13.306065,1,0
0.278118,13.307080,1,0
0.278323,13.308105,1,0
0.278528,13.309130,1,0
0.278733,13.310165,1,0
0.278938,13.311200,1,0
0.279142,13.312230,1,0
0.279347,13.313250,1,0
0.279552,13.314275,1,0
0.279757,13.315295,1,0
0.279962,13.316310,1,0
0.280166,13.317325,1,0
0.280371,13.318360,1,0
0.280576,13.319390,1,0
0.280781,13.320425,1,0
0.280986,13.321445,1,0
0.281190,13.322470,1,0
0.281395,13.323480,1,0
0.281600,13.324490,1,0
0.281805,13.325515,1,0
0.282010,13.326535,1,0
0.282214,13.327540,1,0
0.282419,13.328560,1,0
0.282624,13.329590,1,0
0.282829,13.330615,1,0
0.283034,13.331635,1,0
0.283238,13.332670,1,0
0.283443,13.333670,1,0
0.283648,13.334675,1,0
0.283853,13.335695,1,0
0.284058,13.336705,1,0
0.284262,13.337715,1,0
0.284467,13.338730,1,0
0.284672,13.339755,1,0
0.284877,13.340795,1,0
0.285082,13.341830,1,0
0.285286,13.342855,1,0
0.285491,13.343880,1,0
0.285696,13.344895,1,0
0.285901,13.345910,1,0
0.286106,13.346925,1,0
0.286310,13.347950,1,0
0.286515,13.348970,1,0
0.286720,13.349985,1,0
0.286925,13.351015,1,0
0.287130,13.352040,1,0
0.287334,13.353055,1,0
0.287539,13.354065,1,0
0.287744,13.355080,1,0
0.287949,13.356080,1,0
0.288154,13.357090,1,0
0.288358,13.358100,1,0
0.288563,13.359125,1,0
0.288768,13.360165,1,0
0.288973,13.361200,1,0
0.289178,13.362245,1,0
0.289382,13.363270,1,0
0.289587,13.364280,1,0
0.289792,13.365300,1,0
0.289997,13.366315,1,0
0.290202,13.367325,1,0
0.290406,13.368340,1,0
0.290611,13.369370,1,0
0.290816,13.370380,1,0
0.291021,13.371385,1,0
0.291226,13.372395,1,0
0.291430,13.373425,1,0
0.291635,13.374450,1,0
0.291840,13.375475,1,0
0.292045,13.376485,1,0
0.292250,13.377495,1,0
0.292454,13.378525,1,0
0.292659,13.379560,1,0
0.292864,13.380605,1,0
0.293069,13.381635,1,0
0.293274,13.382660,1,0
0.293478,13.383675,1,0
0.293683,13.384690,1,0
0.293888,13.385705,1,0
0.294093,13.386725,1,0
0.294298,13.387740,1,0
0.294502,13.388765,1,0
0.294707,13.389800,1,0
0.294912,13.390835,1,0
0.295117,13.391865,1,0
0.295322,13.392885,1,0
0.295526,13.393915,1,0
0.295731,13.394940,1,0
0.295936,13.395955,1,0
0.296141,13.396965,1,0
0.296346,13.398000,1,0
0.296550,13.399045,1,0
0.296755,13.400085,1,0
0.296960,13.401115,1,0
0.297165,13.402155,1,0
0.297370,13.403175,1,0
0.297574,13.404195,1,0
0.297779,13.405220,1,0
0.297984,13.406255,1,0
0.298189,13.407275,1,0
0.298394,13.408295,1,0
0.298598,13.409330,1,0
0.298803,13.410365,1,0
0.299008,13.411395,1,0
0.299213,13.412430,1,0
0.299418,13.413450,1,0
0.299622,13.414465,1,0
0.299827,13.415485,1,0
0.300032,13.416505,1,0
0.300237,13.417530,1,0
0.300442,13.418555,1,0
0.300646,13.419590,1,0
0.300851,13.420630,1,0
0.301056,13.421675,1,0
0.301261,13.422705,1,0
0.301466,13.423730,1,0
0.301670,13.424755,1,0
0.301875,13.425780,1,0
0.302080,13.426790,1,0
0.302285,13.427820,1,0
0.302490,13.428845,1,0
0.302694,13.429860,1,0
0.302899,13.430875,1,0
0.303104,13.431895,1,0
0.303309,13.432910,1,0
0.303514,13.433920,1,0
0.303718,13.434940,1,0
0.303923,13.435960,1,0
0.304128,13.436965,1,0
0.304333,13.437980,1,0
0.304538,13.439010,1,0
0.304742,13.440050,1,0
0.304947,13.441095,1,0
0.305152,13.442150,1,0
0.305357,13.443185,1,0
0.305562,13.444195,1,0
0.305766,13.445210,1,0
0.305971,13.446230,1,0
0.306176,13.447250,1,0
0.306381,13.448270,1,0
0.306586,13.449295,1,0
0.306790,13.450305,1,0
0.306995,13.451310,1,0
0.307200,13.452335,1,0
0.307405,13.453350,1,0
0.307610,13.454380,1,0
0.307814,13.455405,1,0
0.308019,13.456405,1,0
0.308224,13.457420,1,0
0.308429,13.458450,1,0
0.308634,13.459480,1,0
0.308838,13.460525,1,0
0.309043,13.461560,1,0
0.309248,13.462580,1,0
0.309453,13.463595,1,0
0.309658,13.464605,1,0
0.309862,13.465615,1,0
0.310067,13.466630,1,0
0.310272,13.467635,1,0
0.310477,13.468650,1,0
0.310682,13.469675,1,0
0.310886,13.470700,1,0
0.311091,13.471720,1,0
0.311296,13.472730,1,0
0.311501,13.473745,1,0
0.311706,13.474760,1,0
0.311910,13.475765,1,0
0.312115,13.476765,1,0
0.312320,13.477785,1,0
0.312525,13.478815,1,0
0.312730,13.479845,1,0
0.312934,13.480870,1,0
0.313139,13.481895,1,0
0.313344,13.482915,1,0
0.313549,13.483925,1,0
0.313754,13.484935,1,0
0.313958,13.485965,1,0
0.314163,13.486975,1,0
0.314368,13.487990,1,0
0.314573,13.489005,1,0
0.314778,13.490035,1,0
0.314982,13.491060,1,0
0.315187,13.492075,1,0
0.315392,13.493090,1,0
0.315597,13.494095,1,0
0.315802,13.495105,1,0
0.316006,13.496115,1,0
0.316211,13.497125,1,0
0.316416,13.498155,1,0
0.316621,13.499180,1,0
0.316826,13.500205,1,0
0.317030,13.501245,1,0
0.317235,13.502275,1,0
0.317440,13.503295,1,0
0.317645,13.504310,1,0
0.317850,13.505335,1,0
0.318054,13.506345,1,0
0.318259,13.507360,1,0
0.318464,13.508385,1,0
0.318669,13.509395,1,0
0.318874,13.510420,1,0
0.319078,13.511440,1,0
0.319283,13.512455,1,0
0.319488,13.513455,1,0
0.319693,13.514470,1,0
0.319898,13.515480,1,0
0.320102,13.516490,1,0
0.320307,13.517490,1,0
0.320512,13.518500,1,0
0.320717,13.519535,1,0
0.320922,13.520570,1,0
0.321126,13.521620,1,0
0.321331,13.522660,1,0
0.321536,13.523675,1,0
0.321741,13.524685,1,0
0.321946,13.525705,1,0
0.322150,13.526715,1,0
0.322355,13.527725,1,0
0.322560,13.528740,1,0
0.322765,13.529760,1,0
0.322970,13.530765,1,0
0.323174,13.531775,1,0
0.323379,13.532795,1,0
0.323584,13.533810,1,0
0.323789,13.534830,1,0
0.323994,13.535840,1,0
0.324198,13.536845,1,0
0.324403,13.537860,1,0
0.324608,13.538885,1,0
0.324813,13.539925,1,0
0.325018,13.540960,1,0
0.325222,13.541985,1,0
0.325427,13.543005,1,0
0.325632,13.544015,1,0
0.325837,13.545020,1,0
0.326042,13.546040,1,0
0.326246,13.547055,1,0
0.326451,13.548070,1,0
0.326656,13.549090,1,0
0.326861,13.550125,1,0
0.327066,13.551150,1,0
0.327270,13.552170,1,0
0.327475,13.553190,1,0
0.327680,13.554210,1,0
0.327885,13.555225,1,0
0.328090,13.556230,1,0
0.328294,13.557240,1,0
0.328499,13.558280,1,0
0.328704,13.559315,1,0
0.328909,13.560345,1,0
0.329114,13.561370,1,0
0.329318,13.562400,1,0
0.329523,13.563420,1,0
0.329728,13.564435,1,0
0.329933,13.565465,1,0
0.330138,13.566495,1,0
0.330342,13.567495,1,0
0.330547,13.568515,1,0
0.330752,13.569550,1,0
0.330957,13.570585,1,0
0.331162,13.571610,1,0
0.331366,13.572640,1,0
0.331571,13.573645,1,0
0.331776,13.574660,1,0
0.331981,13.575680,1,0
0.332186,13.576700,1,0
0.332390,13.577710,1,0
0.332595,13.578740,1,0
0.332800,13.579775,1,0
0.333005,13.580820,1,0
0.333210,13.581875,1,0
0.333414,13.582905,1,0
0.333619,13.583935,1,0
0.333824,13.584965,1,0
0.334029,13.585990,1,0
0.334234,13.587020,1,0
0.334438,13.588055,1,0
0.334643,13.589090,1,0
0.334848,13.590120,1,0
0.335053,13.591155,1,0
0.335258,13.592190,1,0
0.335462,13.593215,1,0
0.335667,13.594225,1,0
0.335872,13.595260,1,0
0.336077,13.596280,1,0
0.336282,13.597295,1,0
0.336486,13.598325,1,0
0.336691,13.599370,1,0
0.336896,13.600425,1,0
0.337101,13.601475,1,0
0.337306,13.602530,1,0
0.337510,13.603565,1,0
0.337715,13.604580,1,0
0.337920,13.605615,1,0
0.338125,13.606635,1,0
0.338330,13.607660,1,0
0.338534,13.608685,1,0
0.338739,13.609705,1,0
0.338944,13.610730,1,0
0.339149,13.611750,1,0
0.339354,13.612775,1,0
0.339558,13.613795,1,0
0.339763,13.614835,1,0
0.339968,13.615840,1,0
0.340173,13.616850,1,0
0.340378,13.617880,1,0
0.340582,13.618905,1,0
0.340787,13.619945,1,0
0.340992,13.620980,1,0
0.341197,13.622005,1,0
0.341402,13.623025,1,0
0.341606,13.624030,1,0
0.341811,13.625040,1,0
0.342016,13.626055,1,0
0.342221,13.627065,1,0
0.342426,13.628080,1,0
0.342630,13.629090,1,0
0.342835,13.630115,1,0
0.343040,13.631135,1,0
0.343245,13.632155,1,0
0.343450,13.633170,1,0
0.343654,13.634185,1,0
0.343859,13.635190,1,0
0.344064,13.636190,1,0
0.344269,13.637190,1,0
0.344474,13.638225,1,0
0.344678,13.639245,1,0
0.344883,13.640270,1,0
0.345088,13.641285,1,0
0.345293,13.642305,1,0
0.345498,13.643315,1,0
0.345702,13.644320,1,0
0.345907,13.645335,1,0
0.346112,13.646355,1,0
0.346317,13.647360,1,0
0.346522,13.648365,1,0
0.346726,13.649385,1,0
0.346931,13.650405,1,0
0.347136,13.651420,1,0
0.347341,13.652440,1,0
0.347546,13.653445,1,0
0.347750,13.654445,1,0
0.347955,13.655455,1,0
0.348160,13.656450,1,0
0.348365,13.657460,1,0
0.348570,13.658470,1,0
0.348774,13.659490,1,0
0.348979,13.660515,1,0
0.349184,13.661550,1,0
0.349389,13.662575,1,0
0.349594,13.663585,1,0
0.349798,13.664595,1,0
0.350003,13.665610,1,0
0.350208,13.666610,1,0
0.350413,13.667625,1,0
0.350618,13.668640,1,0
0.350822,13.669650,1,0
0.351027,13.670665,1,0
0.351232,13.671685,1,0
0.351437,13.672685,1,0
0.351642,13.673685,1,0
0.351846,13.674700,1,0
0.352051,13.675705,1,0
0.352256,13.676705,1,0
0.352461,13.677705,1,0
0.352666,13.678725,1,0
0.352870,13.679755,1,0
0.353075,13.680790,1,0
0.353280,13.681840,1,0
0.353485,13.682880,1,0
0.353690,13.683885,1,0
0.353894,13.684900,1,0
0.354099,13.685915,1,0
0.354304,13.686925,1,0
0.354509,13.687935,1,0
0.354714,13.688955,1,0
0.354918,13.689975,1,0
0.355123,13.690985,1,0
0.355328,13.692000,1,0
0.355533,13.693015,1,0
0.355738,13.694040,1,0
0.355942,13.695065,1,0
0.356147,13.696080,1,0
0.356352,13.697085,1,0
0.356557,13.698115,1,0
0.356762,13.699155,1,0
0.356966,13.700200,1,0
0.357171,13.701235,1,0
0.357376,13.702265,1,0
0.357581,13.703290,1,0
0.357786,13.704305,1,0
0.357990,13.705315,1,0
0.358195,13.706335,1,0
0.358400,13.707345,1,0
0.358605,13.708370,1,0
0.358810,13.709395,1,0
0.359014,13.710435,1,0
0.359219,13.711460,1,0
0.359424,13.712485,1,0
0.359629,13.713510,1,0
0.359834,13.714530,1,0
0.360038,13.715545,1,0
0.360243,13.716555,1,0
0.360448,13.717580,1,0
0.360653,13.718630,1,0
0.360858,13.719665,1,0
0.361062,13.720700,1,0
0.361267,13.721735,1,0
0.361472,13.722765,1,0
0.361677,13.723790,1,0
0.361882,13.724810,1,0
0.362086,13.725840,1,0
0.362291,13.726865,1,0
0.362496,13.727885,1,0
0.362701,13.728915,1,0
0.362906,13.729950,1,0
0.363110,13.730975,1,0
0.363315,13.732010,1,0
0.363520,13.733035,1,0
0.363725,13.734050,1,0
0.363930,13.735070,1,0
0.364134,13.736090,1,0
0.364339,13.737105,1,0
0.364544,13.738140,1,0
0.364749,13.739165,1,0
0.364954,13.740205,1,0
0.365158,13.741250,1,0
0.365363,13.742300,1,0
0.365568,13.743335,1,0
0.365773,13.744360,1,0
0.365978,13.745385,1,0
0.366182,13.746405,1,0
0.366387,13.747435,1,0
0.366592,13.748470,1,0
0.366797,13.749495,1,0
0.367002,13.750515,1,0
0.367206,13.751550,1,0
0.367411,13.752575,1,0
0.367616,13.753580,1,0
0.367821,13.754610,1,0
0.368026,13.755630,1,0
0.368230,13.756645,1,0
0.368435,13.757660,1,0
0.368640,13.758690,1,0
0.368845,13.759735,1,0
0.369050,13.760790,1,0
0.369254,13.761845,1,0
0.369459,13.762900,1,0
0.369664,13.763910,1,0
0.369869,13.764940,1,0
0.370074,13.765970,1,0
0.370278,13.766990,1,0
0.370483,13.768010,1,0
0.370688,13.769035,1,0
0.370893,13.770060,1,0
0.371098,13.771065,1,0
0.371302,13.772090,1,0
0.371507,13.773110,1,0
0.371712,13.774145,1,0
0.371917,13.775170,1,0
0.372122,13.776180,1,0
0.372326,13.777195,1,0
0.372531,13.778220,1,0
0.372736,13.779260,1,0
0.372941,13.780300,1,0
0.373146,13.781340,1,0
0.373350,13.782370,1,0
0.373555,13.783390,1,0
0.373760,13.784400,1,0
0.373965,13.785415,1,0
0.374170,13.786430,1,0
0.374374,13.787445,1,0
0.374579,13.788460,1,0
0.374784,13.789480,1,0
0.374989,13.790510,1,0
0.375194,13.791535,1,0
0.375398,13.792550,1,0
0.375603,13.793565,1,0
0.375808,13.794585,1,0
0.376013,13.795595,1,0
0.376218,13.796595,1,0
0.376422,13.797620,1,0
0.376627,13.798655,1,0
0.376832,13.799690,1,0
0.377037,13.800725,1,0
0.377242,13.801750,1,0
0.377446,13.802775,1,0
0.377651,13.803800,1,0
0.377856,13.804815,1,0
0.378061,13.805845,1,0
0.378266,13.806865,1,0
0.378470,13.807870,1,0
0.378675,13.808900,1,0
0.378880,13.809930,1,0
0.379085,13.810955,1,0
0.379290,13.811980,1,0
0.379494,13.813000,1,0
0.379699,13.814005,1,0
0.379904,13.815015,1,0
0.380109,13.816030,1,0
0.380314,13.817040,1,0
0.380518,13.818065,1,0
0.380723,13.819100,1,0
0.380928,13.820140,1,0
0.381133,13.821180,1,0
0.381338,13.822220,1,0
0.381542,13.823250,1,0
0.381747,13.824275,1,0
0.381952,13.825305,1,0
0.382157,13.826320,1,0
0.382362,13.827340,1,0
0.382566,13.828375,1,0
0.382771,13.829390,1,0
0.382976,13.830410,1,0
0.383181,13.831435,1,0
0.383386,13.832455,1,0
0.383590,13.833465,1,0
0.383795,13.834480,1,0
0.384000,13.835495,1,0
0.384205,13.836505,1,0
0.384410,13.837510,1,0
0.384614,13.838535,1,0
0.384819,13.839575,1,0
0.385024,13.840625,1,0
0.385229,13.841680,1,0
0.385434,13.842725,1,0
0.385638,13.843745,1,0
0.385843,13.844765,1,0
0.386048,13.845790,1,0
0.386253,13.846810,1,0
0.386458,13.847830,1,0
0.386662,13.848855,1,0
0.386867,13.849875,1,0
0.387072,13.850890,1,0
0.387277,13.851905,1,0
0.387482,13.852930,1,0
0.387686,13.853955,1,0
0.387891,13.854975,1,0
0.388096,13.855985,1,0
0.388301,13.857000,1,0
0.388506,13.858025,1,0
0.388710,13.859055,1,0
0.388915,13.860100,1,0
0.389120,13.861145,1,0
0.389325,13.862175,1,0
0.389530,13.863195,1,0
0.389734,13.864215,1,0
0.389939,13.865225,1,0
0.390144,13.866250,1,0
0.390349,13.867265,1,0
0.390554,13.868285,1,0
0.390758,13.869310,1,0
0.390963,13.870340,1,0
0.391168,13.871365,1,0
0.391373,13.872395,1,0
0.391578,13.873410,1,0
0.391782,13.874425,1,0
0.391987,13.875440,1,0
0.392192,13.876440,1,0
0.392397,13.877455,1,0
0.392602,13.878495,1,0
0.392806,13.879535,1,0
0.393011,13.880565,1,0
0.393216,13.881595,1,0
0.393421,13.882625,1,0
0.393626,13.883650,1,0
0.393830,13.884670,1,0
0.394035,13.885710,1,0
0.394240,13.886735,1,0
0.394445,13.887745,1,0
0.394650,13.888770,1,0
0.394854,13.889815,1,0
0.395059,13.890850,1,0
0.395264,13.891880,1,0
0.395469,13.892910,1,0
0.395674,13.893915,1,0
0.395878,13.894930,1,0
0.396083,13.895945,1,0
0.396288,13.896955,1,0
0.396493,13.897975,1,0
0.396698,13.899005,1,0
0.396902,13.900040,1,0
0.397107,13.901085,1,0
0.397312,13.902130,1,0
0.397517,13.903165,1,0
0.397722,13.904190,1,0
0.397926,13.905220,1,0
0.398131,13.906245,1,0
0.398336,13.907280,1,0
0.398541,13.908310,1,0
0.398746,13.909335,1,0
0.398950,13.910360,1,0
0.399155,13.911395,1,0
0.399360,13.912415,1,0
0.399565,13.913435,1,0
0.399770,13.914450,1,0
0.399974,13.915465,1,0
0.400179,13.916475,1,0
0.400384,13.917480,1,0
0.400589,13.918510,1,0
0.400794,13.919550,1,0
0.400998,13.920600,1,0
0.401203,13.921660,1,0
0.401408,13.922715,1,0
0.401613,13.923735,1,0
0.401818,13.924765,1,0
0.402022,13.925805,1,0
0.402227,13.926835,1,0
0.402432,13.927865,1,0
0.402637,13.928900,1,0
0.402842,13.929935,1,0
0.403046,13.930955,1,0
0.403251,13.931985,1,0
0.403456,13.933025,1,0
0.403661,13.934060,1,0
0.403866,13.935085,1,0
0.404070,13.936100,1,0
0.404275,13.937125,1,0
0.404480,13.938165,1,0
0.404685,13.939205,1,0
0.404890,13.940250,1,0
0.405094,13.941300,1,0
0.405299,13.942340,1,0
0.405504,13.943370,1,0
0.405709,13.944400,1,0
0.405914,13.945430,1,0
0.406118,13.946460,1,0
0.406323,13.947490,1,0
0.406528,13.948515,1,0
0.406733,13.949560,1,0
0.406938,13.950605,1,0
0.407142,13.951635,1,0
0.407347,13.952665,1,0
0.407552,13.953685,1,0
0.407757,13.954720,1,0
0.407962,13.955740,1,0
0.408166,13.956750,1,0
0.408371,13.957785,1,0
0.408576,13.958835,1,0
0.408781,13.959870,1,0
0.408986,13.960905,1,0
0.409190,13.961940,1,0
0.409395,13.962970,1,0
0.409600,13.963990,1,0
0.409805,13.965015,1,0
0.410010,13.966050,1,0
0.410214,13.967075,1,0
0.410419,13.968085,1,0
0.410624,13.969120,1,0
0.410829,13.970150,1,0
0.411034,13.971185,1,0
0.411238,13.972215,1,0
0.411443,13.973235,1,0
0.411648,13.974230,1,0
0.411853,13.975250,1,0
0.412058,13.976265,1,0
0.412262,13.977285,1,0
0.412467,13.978300,1,0
0.412672,13.979330,1,0
0.412877,13.980365,1,0
0.413082,13.981405,1,0
0.413286,13.982440,1,0
0.413491,13.983465,1,0
0.413696,13.984490,1,0
0.413901,13.985520,1,0
0.414106,13.986535,1,0
0.414310,13.987555,1,0
0.414515,13.988585,1,0
0.414720,13.989605,1,0
0.414925,13.990625,1,0
0.415130,13.991655,1,0
0.415334,13.992665,1,0
0.415539,13.993670,1,0
0.415744,13.994685,1,0
0.415949,13.995695,1,0
0.416154,13.996695,1,0
0.416358,13.997695,1,0
0.416563,13.998715,1,0
0.416768,13.999750,1,0
0.416973,14.000780,1,1
0.417178,14.001825,1,0
0.417382,14.002860,1,0
0.417587,14.003870,1,0
0.417792,14.004885,1,0
0.417997,14.005900,1,0
0.418202,14.006915,1,0
0.418406,14.007925,1,0
0.418611,14.008935,1,0
0.418816,14.009950,1,0
0.419021,14.010955,1,0
0.419226,14.011965,1,0
0.419430,14.012970,1,0
0.419635,14.013990,1,0
0.419840,14.015000,1,0
0.420045,14.016000,1,0
0.420250,14.017005,1,0
0.420454,14.018020,1,0
0.420659,14.019040,1,0
0.420864,14.020070,1,0
0.421069,14.021100,1,0
0.421274,14.022120,1,0
0.421478,14.023135,1,0
0.421683,14.024145,1,0
0.421888,14.025150,1,0
0.422093,14.026165,1,0
0.422298,14.027180,1,0
0.422502,14.028190,1,0
0.422707,14.029215,1,0
0.422912,14.030240,1,0
0.423117,14.031255,1,0
0.423322,14.032275,1,0
0.423526,14.033280,1,0
0.423731,14.034295,1,0
0.423936,14.035300,1,0
0.424141,14.036285,1,0
0.424346,14.037295,1,0
0.424550,14.038330,1,0
0.424755,14.039355,1,0
0.424960,14.040380,1,0
0.425165,14.041395,1,0
0.425370,14.042425,1,0
0.425574,14.043435,1,0
0.425779,14.044445,1,0
0.425984,14.045465,1,0
0.426189,14.046495,1,0
0.426394,14.047510,1,0
0.426598,14.048525,1,0
0.426803,14.049560,1,0
0.427008,14.050585,1,0
0.427213,14.051600,1,0
0.427418,14.052630,1,0
0.427622,14.053640,1,0
0.427827,14.054645,1,0
0.428032,14.055655,1,0
0.428237,14.056665,1,0
0.428442,14.057680,1,0
0.428646,14.058700,1,0
0.428851,14.059730,1,0
0.429056,14.060760,1,0
0.429261,14.061810,1,0
0.429466,14.062830,1,0
0.429670,14.063855,1,0
0.429875,14.064875,1,0
0.430080,14.065895,1,0
0.430285,14.066910,1,0
0.430490,14.067935,1,0
0.430694,14.068955,1,0
0.430899,14.069970,1,0
0.431104,14.070995,1,0
0.431309,14.072010,1,0
0.431514,14.073020,1,0
0.431718,14.074025,1,0
0.431923,14.075035,1,0
0.432128,14.076040,1,0
0.432333,14.077040,1,0
0.432538,14.078050,1,0
0.432742,14.079075,1,0
0.432947,14.080100,1,0
0.433152,14.081145,1,0
0.433357,14.082195,1,0
0.433562,14.083225,1,0
0.433766,14.084230,1,0
0.433971,14.085255,1,0
0.434176,14.086270,1,0
0.434381,14.087285,1,0
0.434586,14.088305,1,0
0.434790,14.089320,1,0
0.434995,14.090335,1,0
0.435200,14.091345,1,0
0.435405,14.092355,1,0
0.435610,14.093375,1,0
0.435814,14.094405,1,0
0.436019,14.095415,1,0
0.436224,14.096420,1,0
0.436429,14.097430,1,0
0.436634,14.098450,1,0
0.436838,14.099480,1,0
0.437043,14.100515,1,0
0.437248,14.101545,1,0
0.437453,14.102570,1,0
0.437658,14.103585,1,0
0.437862,14.104595,1,0
0.438067,14.105610,1,0
0.438272,14.106620,1,0
0.438477,14.107635,1,0
0.438682,14.108655,1,0
0.438886,14.109690,1,0
0.439091,14.110720,1,0
0.439296,14.111745,1,0
0.439501,14.112765,1,0
0.439706,14.113785,1,0
0.439910,14.114805,1,0
0.440115,14.115815,1,0
0.440320,14.116825,1,0
0.440525,14.117850,1,0
0.440730,14.118880,1,0
0.440934,14.119915,1,0
0.441139,14.120945,1,0
0.441344,14.121975,1,0
0.441549,14.122995,1,0
0.441754,14.124010,1,0
0.441958,14.125030,1,0
0.442163,14.126065,1,0
0.442368,14.127085,1,0
0.442573,14.128100,1,0
0.442778,14.129135,1,0
0.442982,14.130165,1,0
0.443187,14.131195,1,0
0.443392,14.132225,1,0
0.443597,14.133245,1,0
0.443802,14.134250,1,0
0.444006,14.135270,1,0
0.444211,14.136285,1,0
0.444416,14.137290,1,0
0.444621,14.138315,1,0
0.444826,14.139340,1,0
0.445030,14.140375,1,0
0.445235,14.141410,1,0
0.445440,14.142440,1,0
0.445645,14.143465,1,0
0.445850,14.144490,1,0
0.446054,14.145505,1,0
0.446259,14.146515,1,0
0.446464,14.147535,1,0
0.446669,14.148560,1,0
0.446874,14.149580,1,0
0.447078,14.150600,1,0
0.447283,14.151630,1,0
0.447488,14.152645,1,0
0.447693,14.153650,1,0
0.447898,14.154670,1,0
0.448102,14.155680,1,0
0.448307,14.156690,1,0
0.448512,14.157695,1,0
0.448717,14.158715,1,0
0.448922,14.159755,1,0
0.449126,14.160790,1,0
0.449331,14.161840,1,0
0.449536,14.162880,1,0
0.449741,14.163880,1,0
0.449946,14.164900,1,0
0.450150,14.165915,1,0
0.450355,14.166925,1,0
0.450560,14.167940,1,0
0.450765,14.168960,1,0
0.450970,14.169975,1,0
0.451174,14.170990,1,0
0.451379,14.172000,1,0
0.451584,14.173025,1,0
0.451789,14.174050,1,0
0.451994,14.175080,1,0
0.452198,14.176085,1,0
0.452403,14.177100,1,0
0.452608,14.178125,1,0
0.452813,14.179160,1,0
0.453018,14.180195,1,0
0.453222,14.181225,1,0
0.453427,14.182250,1,0
0.453632,14.183260,1,0
0.453837,14.184270,1,0
0.454042,14.185275,1,0
0.454246,14.186290,1,0
0.454451,14.187305,1,0
0.454656,14.188320,1,0
0.454861,14.189350,1,0
0.455066,14.190375,1,0
0.455270,14.191400,1,0
0.455475,14.192430,1,0
0.455680,14.193450,1,0
0.455885,14.194470,1,0
0.456090,14.195485,1,0
0.456294,14.196490,1,0
0.456499,14.197505,1,0
0.456704,14.198545,1,0
0.456909,14.199585,1,0
0.457114,14.200610,1,0
0.457318,14.201635,1,0
0.457523,14.202650,1,0
0.457728,14.203660,1,0
0.457933,14.204665,1,0
0.458138,14.205690,1,0
0.458342,14.206710,1,0
0.458547,14.207710,1,0
0.458752,14.208730,1,0
0.458957,14.209760,1,0
0.459162,14.210785,1,0
0.459366,14.211810,1,0
0.459571,14.212840,1,0
0.459776,14.213850,1,0
0.459981,14.214870,1,0
0.460186,14.215890,1,0
0.460390,14.216895,1,0
0.460595,14.217920,1,0
0.460800,14.218935,1,0
0.461005,14.219970,1,0
0.461210,14.221010,1,0
0.461414,14.222045,1,0
0.461619,14.223065,1,0
0.461824,14.224075,1,0
0.462029,14.225090,1,0
0.462234,14.226095,1,0
0.462438,14.227115,1,0
0.462643,14.228135,1,0
0.462848,14.229155,1,0
0.463053,14.230165,1,0
0.463258,14.231190,1,0
0.463462,14.232205,1,0
0.463667,14.233220,1,0
0.463872,14.234230,1,0
0.464077,14.235260,1,0
0.464282,14.236265,1,0
0.464486,14.237275,1,0
0.464691,14.238285,1,0
0.464896,14.239315,1,0
0.465101,14.240360,1,0
0.465306,14.241400,1,0
0.465510,14.242445,1,0
0.465715,14.243460,1,0
0.465920,14.244465,1,0
0.466125,14.245485,1,0
0.466330,14.246490,1,0
0.466534,14.247500,1,0
0.466739,14.248520,1,0
0.466944,14.249540,1,0
0.467149,14.250545,1,0
0.467354,14.251555,1,0
0.467558,14.252575,1,0
0.467763,14.253600,1,0
0.467968,14.254625,1,0
0.468173,14.255640,1,0
0.468378,14.256645,1,0
0.468582,14.257670,1,0
0.468787,14.258695,1,0
0.468992,14.259735,1,0
0.469197,14.260765,1,0
0.469402,14.261790,1,0
0.469606,14.262810,1,0
0.469811,14.263820,1,0
0.470016,14.264825,1,0
0.470221,14.265835,1,0
0.470426,14.266840,1,0
0.470630,14.267855,1,0
0.470835,14.268870,1,0
0.471040,14.269900,1,0
0.471245,14.270930,1,0
0.471450,14.271955,1,0
0.471654,14.272975,1,0
0.471859,14.274000,1,0
0.472064,14.275015,1,0
0.472269,14.276020,1,0
0.472474,14.277035,1,0
0.472678,14.278070,1,0
0.472883,14.279120,1,0
0.473088,14.280155,1,0
0.473293,14.281180,1,0
0.473498,14.282220,1,0
0.473702,14.283240,1,0
0.473907,14.284260,1,0
0.474112,14.285285,1,0
0.474317,14.286315,1,0
0.474522,14.287340,1,0
0.474726,14.288360,1,0
0.474931,14.289400,1,0
0.475136,14.290430,1,0
0.475341,14.291465,1,0
0.475546,14.292505,1,0
0.475750,14.293525,1,0
0.475955,14.294540,1,0
0.476160,14.295575,1,0
0.476365,14.296595,1,0
0.476570,14.297615,1,0
0.476774,14.298645,1,0
0.476979,14.299690,1,0
0.477184,14.300745,1,0
0.477389,14.301800,1,0
0.477594,14.302830,1,0
0.477798,14.303865,1,0
0.478003,14.304895,1,0
0.478208,14.305925,1,0
0.478413,14.306945,1,0
0.478618,14.307985,1,0
0.478822,14.309015,1,0
0.479027,14.310040,1,0
0.479232,14.311075,1,0
0.479437,14.312110,1,0
0.479642,14.313130,1,0
0.479846,14.314150,1,0
0.480051,14.315185,1,0
0.480256,14.316200,1,0
0.480461,14.317215,1,0
0.480666,14.318240,1,0
0.480870,14.319275,1,0
0.481075,14.320335,1,0
0.481280,14.321390,1,0
0.481485,14.322450,1,0
0.481690,14.323485,1,0
0.481894,14.324505,1,0
0.482099,14.325535,1,0
0.482304,14.326560,1,0
0.482509,14.327585,1,0
0.482714,14.328610,1,0
0.482918,14.329640,1,0
0.483123,14.330660,1,0
0.483328,14.331675,1,0
0.483533,14.332690,1,0
0.483738,14.333720,1,0
0.483942,14.334750,1,0
0.484147,14.335765,1,0
0.484352,14.336780,1,0
0.484557,14.337805,1,0
0.484762,14.338830,1,0
0.484966,14.339870,1,0
0.485171,14.340910,1,0
0.485376,14.341940,1,0
0.485581,14.342965,1,0
0.485786,14.343980,1,0
0.485990,14.344990,1,0
0.486195,14.346005,1,0
0.486400,14.347020,1,0
0.486605,14.348030,1,0
0.486810,14.349045,1,0
0.487014,14.350080,1,0
0.487219,14.351095,1,0
0.487424,14.352115,1,0
0.487629,14.353125,1,0
0.487834,14.354140,1,0
0.488038,14.355150,1,0
0.488243,14.356150,1,0
0.488448,14.357150,1,0
0.488653,14.358175,1,0
0.488858,14.359210,1,0
0.489062,14.360235,1,0
0.489267,14.361260,1,0
0.489472,14.362280,1,0
0.489677,14.363295,1,0
0.489882,14.364305,1,0
0.490086,14.365325,1,0
0.490291,14.366350,1,0
0.490496,14.367355,1,0
0.490701,14.368365,1,0
0.490906,14.369385,1,0
0.491110,14.370410,1,0
0.491315,14.371425,1,0
0.491520,14.372445,1,0
0.491725,14.373450,1,0
0.491930,14.374450,1,0
0.492134,14.375465,1,0
0.492339,14.376465,1,0
0.492544,14.377470,1,0
0.492749,14.378475,1,0
0.492954,14.379490,1,0
0.493158,14.380525,1,0
0.493363,14.381560,1,0
0.493568,14.382585,1,0
0.493773,14.383605,1,0
0.493978,14.384615,1,0
0.494182,14.385625,1,0
0.494387,14.386630,1,0
0.494592,14.387650,1,0
0.494797,14.388665,1,0
0.495002,14.389680,1,0
0.495206,14.390690,1,0
0.495411,14.391700,1,0
0.495616,14.392705,1,0
0.495821,14.393700,1,0
0.496026,14.394710,1,0
0.496230,14.395705,1,0
0.496435,14.396695,1,0
0.496640,14.397700,1,0
0.496845,14.398705,1,0
0.497050,14.399735,1,0
0.497254,14.400765,1,0
0.497459,14.401800,1,0
0.497664,14.402830,1,0
0.497869,14.403830,1,0
0.498074,14.404840,1,0
0.498278,14.405855,1,0
0.498483,14.406860,1,0
0.498688,14.407865,1,0
0.498893,14.408870,1,0
0.499098,14.409880,1,0
0.499302,14.410885,1,0
0.499507,14.411880,1,0
0.499712,14.412890,1,0
0.499917,14.413900,1,0
0.500122,14.414920,1,0
0.500326,14.415910,1,0
0.500531,14.416905,1,0
0.500736,14.417920,1,0
0.500941,14.418940,1,0
0.501146,14.419960,1,0
0.501350,14.420990,1,0
0.501555,14.422010,1,0
0.501760,14.423020,1,0
0.501965,14.424015,1,0
0.502170,14.425020,1,0
0.502374,14.426025,1,0
0.502579,14.427035,1,0
0.502784,14.428035,1,0
0.502989,14.429045,1,0
0.503194,14.430060,1,0
0.503398,14.431080,1,0
0.503603,14.432090,1,0
0.503808,14.433090,1,0
0.504013,14.434100,1,0
0.504218,14.435105,1,0
0.504422,14.436100,1,0
0.504627,14.437095,1,0
0.504832,14.438110,1,0
0.505037,14.439130,1,0
0.505242,14.440150,1,0
0.505446,14.441170,1,0
0.505651,14.442195,1,0
0.505856,14.443205,1,0
0.506061,14.444210,1,0
0.506266,14.445230,1,0
0.506470,14.446255,1,0
0.506675,14.447260,1,0
0.506880,14.448265,1,0
0.507085,14.449295,1,0
0.507290,14.450315,1,0
0.507494,14.451330,1,0
0.507699,14.452355,1,0
0.507904,14.453365,1,0
0.508109,14.454365,1,0
0.508314,14.455380,1,0
0.508518,14.456385,1,0
0.508723,14.457395,1,0
0.508928,14.458405,1,0
0.509133,14.459435,1,0
0.509338,14.460475,1,0
0.509542,14.461510,1,0
0.509747,14.462540,1,0
0.509952,14.463565,1,0
0.510157,14.464590,1,0
0.510362,14.465620,1,0
0.510566,14.466635,1,0
0.510771,14.467665,1,0
0.510976,14.468685,1,0
0.511181,14.469710,1,0
0.511386,14.470735,1,0
0.511590,14.471760,1,0
0.511795,14.472785,1,0
0.512000,14.473800,1,0
0.512205,14.474820,1,0
0.512410,14.475845,1,0
0.512614,14.476855,1,0
0.512819,14.477860,1,0
0.513024,14.478890,1,0
0.513229,14.479935,1,0
0.513434,14.480985,1,0
0.513638,14.482045,1,0
0.513843,14.483090,1,0
0.514048,14.484105,1,0
0.514253,14.485135,1,0
0.514458,14.486165,1,0
0.514662,14.487190,1,0
0.514867,14.488225,1,0
0.515072,14.489255,1,0
0.515277,14.490285,1,0
0.515482,14.491310,1,0
0.515686,14.492340,1,0
0.515891,14.493370,1,0
0.516096,14.494410,1,0
0.516301,14.495435,1,0
0.516506,14.496455,1,0
0.516710,14.497475,1,0
0.516915,14.498515,1,0
0.517120,14.499560,1,0
0.517325,14.500605,1,0
0.517530,14.501650,1,0
0.517734,14.502685,1,0
0.517939,14.503715,1,0
0.518144,14.504730,1,0
0.518349,14.505755,1,0
0.518554,14.506785,1,0
0.518758,14.507805,1,0
0.518963,14.508835,1,0
0.519168,14.509875,1,0
0.519373,14.510910,1,0
0.519578,14.511935,1,0
0.519782,14.512960,1,0
0.519987,14.513985,1,0
0.520192,14.515005,1,0
0.520397,14.516015,1,0
0.520602,14.517025,1,0
0.520806,14.518060,1,0
0.521011,14.519095,1,0
0.521216,14.520135,1,0
0.521421,14.521160,1,0
0.521626,14.522195,1,0
0.521830,14.523220,1,0
0.522035,14.524235,1,0
0.522240,14.525265,1,0
0.522445,14.526300,1,0
0.522650,14.527315,1,0
0.522854,14.528335,1,0
0.523059,14.529375,1,0
0.523264,14.530410,1,0
0.523469,14.531440,1,0
0.523674,14.532475,1,0
0.523878,14.533490,1,0
0.524083,14.534500,1,0
0.524288,14.535515,1,0
0.524493,14.536525,1,0
0.524698,14.537535,1,0
0.524902,14.538560,1,0
0.525107,14.539590,1,0
0.525312,14.540625,1,0
0.525517,14.541665,1,0
0.525722,14.542695,1,0
0.525926,14.543720,1,0
0.526131,14.544740,1,0
0.526336,14.545765,1,0
0.526541,14.546785,1,0
0.526746,14.547815,1,0
0.526950,14.548835,1,0
0.527155,14.549860,1,0
0.527360,14.550885,1,0
0.527565,14.551910,1,0
0.527770,14.552930,1,0
0.527974,14.553935,1,0
0.528179,14.554960,1,0
0.528384,14.555970,1,0
0.528589,14.556975,1,0
0.528794,14.557985,1,0
0.528998,14.559010,1,0
0.529203,14.560045,1,0
0.529408,14.561085,1,0
0.529613,14.562130,1,0
0.529818,14.563160,1,0
0.530022,14.564170,1,0
0.530227,14.565200,1,0
0.530432,14.566220,1,0
0.530637,14.567230,1,0
0.530842,14.568250,1,0
0.531046,14.569275,1,0
0.531251,14.570290,1,0
0.531456,14.571305,1,0
0.531661,14.572320,1,0
0.531866,14.573345,1,0
0.532070,14.574375,1,0
0.532275,14.575390,1,0
0.532480,14.576395,1,0
0.532685,14.577410,1,0
0.532890,14.578435,1,0
0.533094,14.579465,1,0
0.533299,14.580500,1,0
0.533504,14.581525,1,0
0.533709,14.582535,1,0
0.533914,14.583555,1,0
0.534118,14.584565,1,0
0.534323,14.585580,1,0
0.534528,14.586590,1,0
0.534733,14.587600,1,0
0.534938,14.588620,1,0
0.535142,14.589650,1,0
0.535347,14.590685,1,0
0.535552,14.591710,1,0
0.535757,14.592735,1,0
0.535962,14.593750,1,0
0.536166,14.594765,1,0
0.536371,14.595770,1,0
0.536576,14.596775,1,0
0.536781,14.597800,1,0
0.536986,14.598830,1,0
0.537190,14.599860,1,0
0.537395,14.600880,1,0
0.537600,14.601910,1,0
0.537805,14.602925,1,0
0.538010,14.603935,1,0
0.538214,14.604950,1,0
0.538419,14.605985,1,0
0.538624,14.607005,1,0
0.538829,14.608010,1,0
0.539034,14.609040,1,0
0.539238,14.610075,1,0
0.539443,14.611105,1,0
0.539648,14.612135,1,0
0.539853,14.613150,1,0
0.540058,14.614155,1,0
0.540262,14.615175,1,0
0.540467,14.616180,1,0
0.540672,14.617190,1,0
0.540877,14.618215,1,0
0.541082,14.619235,1,0
0.541286,14.620265,1,0
0.541491,14.621300,1,0
0.541696,14.622335,1,0
0.541901,14.623360,1,0
0.542106,14.624370,1,0
0.542310,14.625395,1,0
0.542515,14.626405,1,0
0.542720,14.627430,1,0
0.542925,14.628460,1,0
0.543130,14.629480,1,0
0.543334,14.630500,1,0
0.543539,14.631525,1,0
0.543744,14.632545,1,0
0.543949,14.633545,1,0
0.544154,14.634560,1,0
0.544358,14.635575,1,0
0.544563,14.636585,1,0
0.544768,14.637585,1,0
0.544973,14.638605,1,0
0.545178,14.639645,1,0
0.545382,14.640685,1,0
0.545587,14.641730,1,0
0.545792,14.642770,1,0
0.545997,14.643780,1,0
0.546202,14.644795,1,0
0.546406,14.645815,1,0
0.546611,14.646835,1,0
0.546816,14.647850,1,0
0.547021,14.648865,1,0
0.547226,14.649890,1,0
0.547430,14.650900,1,0
0.547635,14.651915,1,0
0.547840,14.652935,1,0
0.548045,14.653965,1,0
0.548250,14.654985,1,0
0.548454,14.656000,1,0
0.548659,14.657010,1,0
0.548864,14.658040,1,0
0.549069,14.659075,1,0
0.549274,14.660115,1,0
0.549478,14.661155,1,0
0.549683,14.662175,1,0
0.549888,14.663200,1,0
0.550093,14.664210,1,0
0.550298,14.665220,1,0
0.550502,14.666245,1,0
0.550707,14.667260,1,0
0.550912,14.668280,1,0
0.551117,14.669305,1,0
0.551322,14.670335,1,0
0.551526,14.671365,1,0
0.551731,14.672390,1,0
0.551936,14.673415,1,0
0.552141,14.674440,1,0
0.552346,14.675455,1,0
0.552550,14.676455,1,0
0.552755,14.677480,1,0
0.552960,14.678520,1,0
0.553165,14.679560,1,0
0.553370,14.680600,1,0
0.553574,14.681625,1,0
0.553779,14.682655,1,0
0.553984,14.683670,1,0
0.554189,14.684695,1,0
0.554394,14.685720,1,0
0.554598,14.686745,1,0
0.554803,14.687755,1,0
0.555008,14.688780,1,0
0.555213,14.689820,1,0
0.555418,14.690850,1,0
0.555622,14.691870,1,0
0.555827,14.692895,1,0
0.556032,14.693895,1,0
0.556237,14.694910,1,0
0.556442,14.695930,1,0
0.556646,14.696935,1,0
0.556851,14.697950,1,0
0.557056,14.698970,1,0
0.557261,14.700010,1,0
0.557466,14.701050,1,0
0.557670,14.702085,1,0
0.557875,14.703110,1,0
0.558080,14.704130,1,0
0.558285,14.705150,1,0
0.558490,14.706160,1,0
0.558694,14.707180,1,0
0.558899,14.708200,1,0
