Period (s),CommandedVelocity (mm/s),PositionError (mm)
0.000000,0.000031,0.000005
0.000512,0.003964,0.000005
0.001024,0.014450,0.000005
0.001536,0.031489,0.000000
0.002048,0.055082,0.000005
0.002560,0.085229,0.000020
0.003072,0.121929,0.000040
0.003584,0.165182,0.000065
0.004096,0.214989,0.000100
0.004608,0.271352,0.000130
0.005120,0.334266,0.000165
0.005632,0.403734,0.000190
0.006144,0.479756,0.000215
0.006656,0.562331,0.000240
0.007168,0.651459,0.000265
0.007680,0.747143,0.000270
0.008192,0.848560,0.000265
0.008704,0.950795,0.000240
0.009216,1.053032,0.000215
0.009728,1.155268,0.000195
0.010240,1.257505,0.000170
0.010752,1.359740,0.000150
0.011264,1.461977,0.000120
0.011776,1.564212,0.000105
0.012288,1.666449,0.000070
0.012800,1.768684,0.000060
0.013312,1.870921,0.000060
0.013824,1.973157,0.000045
0.014336,2.075393,0.000025
0.014848,2.177630,0.000020
0.015360,2.279866,0.000025
0.015872,2.382103,0.000040
0.016384,2.484338,0.000030
0.016896,2.586575,0.000020
0.017408,2.688810,0.000010
0.017920,2.791047,0.000020
0.018432,2.893282,0.000040
0.018944,2.995519,0.000070
0.019456,3.097755,0.000080
0.019968,3.199992,0.000095
0.020480,3.302227,0.000080
0.020992,3.404464,0.000080
0.021504,3.506699,0.000085
0.022016,3.608936,0.000070
0.022528,3.711171,0.000105
0.023040,3.813408,0.000080
0.023552,3.915645,0.000080
0.024064,4.017881,0.000075
0.024576,4.120117,0.000090
0.025088,4.222058,0.000080
0.025600,4.319051,0.000090
0.026112,4.409491,0.000065
0.026624,4.493377,0.000045
0.027136,4.570709,0.000055
0.027648,4.641488,0.000055
0.028160,4.705714,0.000045
0.028672,4.763386,0.000025
0.029184,4.814504,0.000035
0.029696,4.859067,0.000045
0.030208,4.897079,0.000045
0.030720,4.928537,0.000055
0.031232,4.953440,0.000090
0.031744,4.971790,0.000160
0.032256,4.983586,0.000180
0.032768,4.988830,0.000175
0.033280,4.989125,0.000240
0.033792,4.989125,0.000305
0.034304,4.989125,0.000350
0.034816,4.989125,0.000395
0.035328,4.989125,0.000415
0.035840,4.989125,0.000455
0.036352,4.989125,0.000440
0.036864,4.989125,0.000455
0.037376,4.989125,0.000500
0.037888,4.989125,0.000505
0.038400,4.989125,0.000475
0.038912,4.989125,0.000465
0.039424,4.989125,0.000465
0.039936,4.989125,0.000465
0.040448,4.989125,0.000440
0.040960,4.989125,0.000440
0.041472,4.989125,0.000430
0.041984,4.989125,0.000430
0.042496,4.989125,0.000390
0.043008,4.989125,0.000380
0.043520,4.989125,0.000390
0.044032,4.989125,0.000405
0.044544,4.989125,0.000385
0.045056,4.989125,0.000370
0.045568,4.989125,0.000385
0.046080,4.989125,0.000370
0.046592,4.989125,0.000350
0.047104,4.989125,0.000375
0.047616,4.989125,0.000405
0.048128,4.989125,0.000435
0.048640,4.989125,0.000410
0.049152,4.989125,0.000425
0.049664,4.989125,0.000445
0.050176,4.989125,0.000450
0.050688,4.989125,0.000475
0.051200,4.989125,0.000480
0.051712,4.989125,0.000525
0.052224,4.989125,0.000540
0.052736,4.989125,0.000550
0.053248,4.989125,0.000605
0.053760,4.989125,0.000640
0.054272,4.989125,0.000655
0.054784,4.989125,0.000655
0.055296,4.989125,0.000685
0.055808,4.989125,0.000730
0.056320,4.989125,0.000720
0.056832,4.989125,0.000740
0.057344,4.989125,0.000775
0.057856,4.989125,0.000795
0.058368,4.989125,0.000790
0.058880,4.989125,0.000765
0.059392,4.989125,0.000780
0.059904,4.989125,0.000800
0.060416,4.989125,0.000785
0.060928,4.989125,0.000755
0.061440,4.989125,0.000745
0.061952,4.989125,0.000735
0.062464,4.989125,0.000715
0.062976,4.989125,0.000685
0.063488,4.989125,0.000665
0.064000,4.989125,0.000670
0.064512,4.989125,0.000605
0.065024,4.989125,0.000540
0.065536,4.989125,0.000525
0.066048,4.989125,0.000490
0.066560,4.989125,0.000455
0.067072,4.989125,0.000380
0.067584,4.989125,0.000330
0.068096,4.989125,0.000255
0.068608,4.989125,0.000160
0.069120,4.989125,0.000120
0.069632,4.989125,0.000085
0.070144,4.989125,0.000025
0.070656,4.989125,-0.000055
0.071168,4.989125,-0.000140
0.071680,4.989125,-0.000190
0.072192,4.989125,-0.000315
0.072704,4.989125,-0.000400
0.073216,4.989125,-0.000465
0.073728,4.989125,-0.000530
0.074240,4.989125,-0.000625
0.074752,4.989125,-0.000725
0.075264,4.989125,-0.000795
0.075776,4.989125,-0.000870
0.076288,4.989125,-0.000985
0.076800,4.989125,-0.001075
0.077312,4.989125,-0.001125
0.077824,4.989125,-0.001180
0.078336,4.989125,-0.001245
0.078848,4.989125,-0.001285
0.079360,4.989125,-0.001315
0.079872,4.989125,-0.001365
0.080384,4.989125,-0.001460
0.080896,4.989125,-0.001480
0.081408,4.989125,-0.001505
0.081920,4.989125,-0.001535
0.082432,4.989125,-0.001540
0.082944,4.989125,-0.001580
0.083456,4.989125,-0.001580
0.083968,4.989125,-0.001630
0.084480,4.989125,-0.001645
0.084992,4.989125,-0.001615
0.085504,4.989125,-0.001595
0.086016,4.989125,-0.001590
0.086528,4.989125,-0.001570
0.087040,4.989125,-0.001545
0.087552,4.989125,-0.001505
0.088064,4.989125,-0.001495
0.088576,4.989125,-0.001465
0.089088,4.989125,-0.001415
0.089600,4.989125,-0.001350
0.090112,4.989125,-0.001335
0.090624,4.989125,-0.001275
0.091136,4.989125,-0.001195
0.091648,4.989125,-0.001115
0.092160,4.989125,-0.001075
0.092672,4.989125,-0.001035
0.093184,4.989125,-0.000960
0.093696,4.989125,-0.000890
0.094208,4.989125,-0.000810
0.094720,4.989125,-0.000750
0.095232,4.989125,-0.000660
0.095744,4.989125,-0.000560
0.096256,4.989125,-0.000525
0.096768,4.989125,-0.000510
0.097280,4.989125,-0.000440
0.097792,4.989125,-0.000360
0.098304,4.989125,-0.000305
0.098816,4.989125,-0.000240
0.099328,4.989125,-0.000200
0.099840,4.989125,-0.000135
0.100352,4.989125,-0.000125
0.100864,4.989125,-0.000090
0.101376,4.989125,-0.000025
0.101888,4.989125,0.000035
0.102400,4.989125,0.000060
0.102912,4.989125,0.000100
0.103424,4.989125,0.000155
0.103936,4.989125,0.000200
0.104448,4.989125,0.000205
0.104960,4.989125,0.000230
0.105472,4.989125,0.000250
0.105984,4.989125,0.000270
0.106496,4.989125,0.000255
0.107008,4.989125,0.000260
0.107520,4.989125,0.000285
0.108032,4.989125,0.000300
0.108544,4.989125,0.000275
0.109056,4.989125,0.000245
0.109568,4.989125,0.000240
0.110080,4.989125,0.000230
0.110592,4.989125,0.000200
0.111104,4.989125,0.000200
0.111616,4.989125,0.000205
0.112128,4.989125,0.000220
0.112640,4.989125,0.000150
0.113152,4.989125,0.000120
0.113664,4.989125,0.000100
0.114176,4.989125,0.000090
0.114688,4.989125,0.000090
0.115200,4.989125,0.000075
0.115712,4.989125,0.000085
0.116224,4.989125,0.000070
0.116736,4.989125,0.000035
0.117248,4.989125,0.000040
0.117760,4.989125,0.000060
0.118272,4.989125,0.000060
0.118784,4.989125,0.000040
0.119296,4.989125,0.000045
0.119808,4.989125,0.000080
0.120320,4.989125,0.000060
0.120832,4.989125,0.000060
0.121344,4.989125,0.000080
0.121856,4.989125,0.000080
0.122368,4.989125,0.000065
0.122880,4.989125,0.000050
0.123392,4.989125,0.000070
0.123904,4.989125,0.000090
0.124416,4.989125,0.000080
0.124928,4.989125,0.000055
0.125440,4.989125,0.000070
0.125952,4.989125,0.000075
0.126464,4.989125,0.000080
0.126976,4.989125,0.000085
0.127488,4.989125,0.000120
0.128000,4.989125,0.000165
0.128512,4.989125,0.000160
0.129024,4.989125,0.000160
0.129536,4.989125,0.000210
0.130048,4.989125,0.000255
0.130560,4.989125,0.000290
0.131072,4.989125,0.000330
0.131584,4.989125,0.000355
0.132096,4.989125,0.000400
0.132608,4.989125,0.000405
0.133120,4.989125,0.000435
0.133632,4.989125,0.000505
0.134144,4.989125,0.000555
0.134656,4.989125,0.000565
0.135168,4.989125,0.000580
0.135680,4.989125,0.000605
0.136192,4.989125,0.000615
0.136704,4.989125,0.000615
0.137216,4.989125,0.000640
0.137728,4.989125,0.000665
0.138240,4.989125,0.000690
0.138752,4.989125,0.000670
0.139264,4.989125,0.000665
0.139776,4.989125,0.000665
0.140288,4.989125,0.000665
0.140800,4.989125,0.000620
0.141312,4.989125,0.000610
0.141824,4.989125,0.000625
0.142336,4.989125,0.000610
0.142848,4.989125,0.000590
0.143360,4.989125,0.000590
0.143872,4.989125,0.000595
0.144384,4.989125,0.000585
0.144896,4.989125,0.000525
0.145408,4.989125,0.000540
0.145920,4.989125,0.000550
0.146432,4.989125,0.000545
0.146944,4.989125,0.000545
0.147456,4.989125,0.000510
0.147968,4.989125,0.000510
0.148480,4.989125,0.000465
0.148992,4.989125,0.000440
0.149504,4.989125,0.000460
0.150016,4.989125,0.000470
0.150528,4.989125,0.000455
0.151040,4.989125,0.000425
0.151552,4.989125,0.000400
0.152064,4.989125,0.000380
0.152576,4.989125,0.000330
0.153088,4.989125,0.000300
0.153600,4.989125,0.000275
0.154112,4.989125,0.000265
0.154624,4.989125,0.000205
0.155136,4.989125,0.000145
0.155648,4.989125,0.000105
0.156160,4.989125,0.000065
0.156672,4.989125,-0.000010
0.157184,4.989125,-0.000050
0.157696,4.989125,-0.000075
0.158208,4.989125,-0.000105
0.158720,4.989125,-0.000140
0.159232,4.989125,-0.000160
0.159744,4.989125,-0.000165
0.160256,4.989125,-0.000185
0.160768,4.989125,-0.000250
0.161280,4.989125,-0.000230
0.161792,4.989125,-0.000200
0.162304,4.989125,-0.000185
0.162816,4.989125,-0.000165
0.163328,4.989125,-0.000165
0.163840,4.989125,-0.000140
0.164352,4.989125,-0.000145
0.164864,4.989125,-0.000140
0.165376,4.989125,-0.000085
0.165888,4.989125,-0.000030
0.166400,4.989125,-0.000015
0.166912,4.989125,-0.000005
0.167424,4.989125,0.000015
0.167936,4.989125,0.000055
0.168448,4.989125,0.000050
0.168960,4.989125,0.000075
0.169472,4.989125,0.000120
0.169984,4.989125,0.000155
0.170496,4.989125,0.000165
0.171008,4.989125,0.000165
0.171520,4.989125,0.000195
0.172032,4.989125,0.000220
0.172544,4.989125,0.000230
0.173056,4.989125,0.000225
0.173568,4.989125,0.000245
0.174080,4.989125,0.000265
0.174592,4.989125,0.000270
0.175104,4.989125,0.000270
0.175616,4.989125,0.000270
0.176128,4.989125,0.000295
0.176640,4.989125,0.000255
0.177152,4.989125,0.000210
0.177664,4.989125,0.000205
0.178176,4.989125,0.000200
0.178688,4.989125,0.000185
0.179200,4.989125,0.000150
0.179712,4.989125,0.000115
0.180224,4.989125,0.000080
0.180736,4.989125,0.000010
0.181248,4.989125,-0.000005
0.181760,4.989125,0.000000
0.182272,4.989125,-0.000030
0.182784,4.989125,-0.000085
0.183296,4.989125,-0.000125
0.183808,4.989125,-0.000135
0.184320,4.989125,-0.000170
0.184832,4.989125,-0.000215
0.185344,4.989125,-0.000210
0.185856,4.989125,-0.000230
0.186368,4.989125,-0.000255
0.186880,4.989125,-0.000295
0.187392,4.989125,-0.000305
0.187904,4.989125,-0.000295
0.188416,4.989125,-0.000315
0.188928,4.989125,-0.000350
0.189440,4.989125,-0.000355
0.189952,4.989125,-0.000345
0.190464,4.989125,-0.000355
0.190976,4.989125,-0.000370
0.191488,4.989125,-0.000350
0.192000,4.989125,-0.000320
0.192512,4.989125,-0.000340
0.193024,4.989125,-0.000375
0.193536,4.989125,-0.000355
0.194048,4.989125,-0.000345
0.194560,4.989125,-0.000345
0.195072,4.989125,-0.000350
0.195584,4.989125,-0.000350
0.196096,4.989125,-0.000335
0.196608,4.989125,-0.000350
0.197120,4.989125,-0.000330
0.197632,4.989125,-0.000285
0.198144,4.989125,-0.000255
0.198656,4.989125,-0.000265
0.199168,4.989125,-0.000250
0.199680,4.989125,-0.000205
0.200192,4.989125,-0.000185
0.200704,4.987851,-0.000155
0.201216,4.980487,-0.000125
0.201728,4.966570,-0.000095
0.202240,4.946101,-0.000055
0.202752,4.919076,-0.000050
0.203264,4.885499,-0.000010
0.203776,4.845367,0.000060
0.204288,4.798684,0.000155
0.204800,4.745445,0.000215
0.205312,4.685652,0.000280
0.205824,4.619308,0.000370
0.206336,4.546408,0.000455
0.206848,4.466955,0.000540
0.207360,4.380949,0.000605
0.207872,4.288390,0.000705
0.208384,4.189278,0.000800
0.208896,4.087041,0.000900
0.209408,3.984806,0.000950
0.209920,3.882569,0.000980
0.210432,3.780334,0.001055
0.210944,3.678097,0.001080
0.211456,3.575861,0.001115
0.211968,3.473625,0.001130
0.212480,3.371389,0.001140
0.212992,3.269152,0.001125
0.213504,3.166915,0.001105
0.214016,3.064680,0.001115
0.214528,2.962443,0.001085
0.215040,2.860208,0.001055
0.215552,2.757971,0.001025
0.216064,2.655736,0.001020
0.216576,2.553499,0.001015
0.217088,2.451263,0.001010
0.217600,2.349027,0.000990
0.218112,2.246791,0.000980
0.218624,2.144554,0.000955
0.219136,2.042319,0.000915
0.219648,1.940082,0.000890
0.220160,1.837847,0.000870
0.220672,1.735610,0.000855
0.221184,1.633374,0.000840
0.221696,1.531138,0.000835
0.222208,1.428901,0.000830
0.222720,1.326665,0.000830
0.223232,1.224428,0.000815
0.223744,1.122193,0.000800
0.224256,1.019956,0.000765
0.224768,0.917721,0.000760
0.225280,0.815484,0.000725
0.225792,0.715470,0.000705
0.226304,0.621907,0.000690
0.226816,0.534900,0.000675
0.227328,0.454444,0.000650
0.227840,0.380543,0.000630
0.228352,0.313194,0.000615
0.228864,0.252400,0.000590
0.229376,0.198160,0.000585
0.229888,0.150472,0.000570
0.230400,0.109339,0.000545
0.230912,0.074759,0.000525
0.231424,0.046733,0.000500
0.231936,0.025259,0.000460
0.232448,0.010340,0.000420
0.232960,0.001974,0.000385
0.233472,0.000000,0.000345
0.233984,0.000000,0.000290
0.234496,0.000000,0.000245
0.235008,0.000000,0.000220
0.235520,0.000000,0.000190
0.236032,0.000000,0.000160
0.236544,0.000000,0.000145
0.237056,0.000000,0.000145
0.237568,0.000000,0.000145
0.238080,0.000000,0.000155
0.238592,0.000000,0.000160
0.239104,0.000000,0.000165
0.239616,0.000000,0.000165
0.240128,0.000000,0.000165
0.240640,0.000000,0.000170
0.241152,0.000000,0.000170
0.241664,0.000000,0.000170
0.242176,0.000000,0.000170
0.242688,0.000000,0.000180
0.243200,0.000000,0.000180
0.243712,0.000000,0.000185
0.244224,0.000000,0.000190
0.244736,0.000000,0.000190
0.245248,0.000000,0.000190
0.245760,0.000000,0.000190
0.246272,0.000000,0.000190
0.246784,0.000000,0.000195
0.247296,0.000000,0.000195
0.247808,0.000000,0.000190
0.248320,0.000000,0.000190
0.248832,0.000000,0.000190
0.249344,0.000000,0.000190
0.249856,0.000000,0.000190
0.250368,0.000000,0.000190
0.250880,0.000000,0.000185
0.251392,0.000000,0.000185
0.251904,0.000000,0.000175
0.252416,0.000000,0.000175
0.252928,0.000000,0.000170
0.253440,0.000000,0.000170
0.253952,0.000000,0.000165
0.254464,0.000000,0.000160
0.254976,0.000000,0.000160
0.255488,0.000000,0.000155
0.256000,0.000000,0.000145
0.256512,0.000000,0.000140
0.257024,0.000000,0.000140
0.257536,0.000000,0.000135
0.258048,0.000000,0.000125
0.258560,0.000000,0.000125
0.259072,0.000000,0.000105
0.259584,0.000000,0.000095
0.260096,0.000000,0.000085
0.260608,0.000000,0.000080
0.261120,0.000000,0.000060
0.261632,0.000000,0.000045
0.262144,0.000000,0.000035
0.262656,0.000000,0.000025
0.263168,0.000000,0.000015
0.263680,0.000000,0.000000
0.264192,0.000000,-0.000005
0.264704,0.000000,-0.000015
0.265216,0.000000,-0.000025
0.265728,0.000000,-0.000025
0.266240,0.000000,-0.000030
0.266752,0.000000,-0.000030
0.267264,0.000000,-0.000030
0.267776,0.000000,-0.000030
0.268288,0.000000,-0.000030
0.268800,0.000000,-0.000020
0.269312,0.000000,-0.000020
0.269824,0.000000,-0.000020
0.270336,0.000000,-0.000020
0.270848,0.000000,-0.000020
0.271360,0.000000,-0.000015
0.271872,0.000000,-0.000015
0.272384,0.000000,-0.000005
0.272896,0.000000,-0.000005
0.273408,0.000000,0.000000
0.273920,0.000000,0.000000
0.274432,0.000000,0.000005
0.274944,0.000000,0.000010
0.275456,0.000000,0.000015
0.275968,0.000000,0.000020
0.276480,0.000000,0.000020
0.276992,0.000000,0.000020
0.277504,0.000000,0.000025
0.278016,0.000000,0.000030
0.278528,0.000000,0.000040
0.279040,0.000000,0.000040
0.279552,0.000000,0.000045
0.280064,0.000000,0.000045
0.280576,0.000000,0.000045
0.281088,0.000000,0.000045
0.281600,0.000000,0.000045
0.282112,0.000000,0.000045
0.282624,0.000000,0.000050
0.283136,0.000000,0.000055
0.283648,0.000000,0.000055
0.284160,0.000000,0.000050
0.284672,0.000000,0.000045
0.285184,0.000000,0.000045
0.285696,0.000000,0.000045
0.286208,0.000000,0.000050
0.286720,0.000000,0.000050
0.287232,0.000000,0.000040
0.287744,0.000000,0.000035
0.288256,0.000000,0.000035
0.288768,0.000000,0.000035
0.289280,0.000000,0.000035
0.289792,0.000000,0.000035
0.290304,0.000000,0.000030
0.290816,0.000000,0.000025
0.291328,0.000000,0.000020
0.291840,0.000000,0.000020
0.292352,0.000000,0.000010
0.292864,0.000000,0.000010
0.293376,0.000000,0.000010
0.293888,0.000000,0.000005
0.294400,0.000000,0.000000
0.294912,0.000000,-0.000005
0.295424,0.000000,-0.000010
0.295936,0.000000,-0.000015
0.296448,0.000000,-0.000020
0.296960,0.000000,-0.000025
0.297472,0.000000,-0.000030
0.297984,0.000000,-0.000030
0.298496,0.000000,-0.000035
0.299008,0.000000,-0.000035
0.299520,0.000000,-0.000045
0.300032,0.000000,-0.000045
0.300544,0.000000,-0.000055
0.301056,0.000000,-0.000055
0.301568,0.000000,-0.000060
0.302080,0.000000,-0.000060
0.302592,0.000000,-0.000060
0.303104,0.000000,-0.000065
0.303616,0.000000,-0.000065
0.304128,0.000000,-0.000065
0.304640,0.000000,-0.000065
0.305152,0.000000,-0.000065
0.305664,0.000000,-0.000065
0.306176,0.000000,-0.000065
0.306688,0.000000,-0.000055
0.307200,0.000000,-0.000055
0.307712,0.000000,-0.000055
0.308224,0.000000,-0.000060
0.308736,0.000000,-0.000060
0.309248,0.000000,-0.000055
0.309760,0.000000,-0.000045
0.310272,0.000000,-0.000040
0.310784,0.000000,-0.000035
0.311296,0.000000,-0.000035
0.311808,0.000000,-0.000040
0.312320,0.000000,-0.000040
0.312832,0.000000,-0.000030
0.313344,0.000000,-0.000025
0.313856,0.000000,-0.000025
0.314368,0.000000,-0.000025
0.314880,0.000000,-0.000020
0.315392,0.000000,-0.000020
0.315904,0.000000,-0.000020
0.316416,0.000000,-0.000015
0.316928,0.000000,-0.000015
0.317440,0.000000,-0.000010
0.317952,0.000000,-0.000010
0.318464,0.000000,-0.000010
0.318976,0.000000,-0.000010
0.319488,0.000000,-0.000010
0.320000,0.000000,-0.000010
0.320512,0.000000,-0.000010
0.321024,0.000000,-0.000010
0.321536,0.000000,-0.000010
0.322048,0.000000,-0.000010
0.322560,0.000000,-0.000010
0.323072,0.000000,-0.000010
0.323584,0.000000,-0.000015
0.324096,0.000000,-0.000020
0.324608,0.000000,-0.000020
0.325120,0.000000,-0.000020
0.325632,0.000000,-0.000020
0.326144,0.000000,-0.000020
0.326656,0.000000,-0.000020
0.327168,0.000000,-0.000025
0.327680,0.000000,-0.000030
0.328192,0.000000,-0.000035
0.328704,0.000000,-0.000035
0.329216,0.000000,-0.000035
0.329728,0.000000,-0.000045
0.330240,0.000000,-0.000045
0.330752,0.000000,-0.000045
0.331264,0.000000,-0.000050
0.331776,0.000000,-0.000050
0.332288,0.000000,-0.000050
0.332800,0.000000,-0.000060
0.333312,0.000000,-0.000065
0.333824,0.000000,-0.000065
0.334336,0.000000,-0.000070
0.334848,0.000000,-0.000070
0.335360,0.000000,-0.000075
0.335872,0.000000,-0.000080
0.336384,0.000000,-0.000085
0.336896,0.000000,-0.000085
0.337408,0.000000,-0.000090
0.337920,0.000000,-0.000090
0.338432,0.000000,-0.000100
0.338944,0.000000,-0.000100
0.339456,0.000000,-0.000100
0.339968,0.000000,-0.000105
0.340480,0.000000,-0.000105
0.340992,0.000000,-0.000105
0.341504,0.000000,-0.000100
0.342016,0.000000,-0.000100
0.342528,0.000000,-0.000100
0.343040,0.000000,-0.000100
0.343552,0.000000,-0.000100
0.344064,0.000000,-0.000100
0.344576,0.000000,-0.000100
0.345088,0.000000,-0.000095
0.345600,0.000000,-0.000090
0.346112,0.000000,-0.000090
0.346624,0.000000,-0.000090
0.347136,0.000000,-0.000090
0.347648,0.000000,-0.000090
0.348160,0.000000,-0.000080
0.348672,0.000000,-0.000075
0.349184,0.000000,-0.000075
0.349696,0.000000,-0.000075
0.350208,0.000000,-0.000075
0.350720,0.000000,-0.000070
0.351232,0.000000,-0.000070
0.351744,0.000000,-0.000070
0.352256,0.000000,-0.000060
0.352768,0.000000,-0.000055
0.353280,0.000000,-0.000050
0.353792,0.000000,-0.000050
0.354304,0.000000,-0.000050
0.354816,0.000000,-0.000045
0.355328,0.000000,-0.000045
0.355840,0.000000,-0.000045
0.356352,0.000000,-0.000045
0.356864,0.000000,-0.000050
0.357376,0.000000,-0.000050
0.357888,0.000000,-0.000045
0.358400,0.000000,-0.000045
0.358912,0.000000,-0.000045
0.359424,0.000000,-0.000045
0.359936,0.000000,-0.000045
0.360448,0.000000,-0.000045
0.360960,0.000000,-0.000045
0.361472,0.000000,-0.000050
0.361984,0.000000,-0.000050
0.362496,0.000000,-0.000050
0.363008,0.000000,-0.000055
0.363520,0.000000,-0.000055
0.364032,0.000000,-0.000055
0.364544,0.000000,-0.000060
0.365056,0.000000,-0.000060
0.365568,0.000000,-0.000065
0.366080,0.000000,-0.000065
0.366592,0.000000,-0.000065
0.367104,0.000000,-0.000070
0.367616,0.000000,-0.000075
0.368128,0.000000,-0.000075
0.368640,0.000000,-0.000075
0.369152,0.000000,-0.000075
0.369664,0.000000,-0.000085
0.370176,0.000000,-0.000085
0.370688,0.000000,-0.000085
0.371200,0.000000,-0.000085
0.371712,0.000000,-0.000085
0.372224,0.000000,-0.000085
0.372736,0.000000,-0.000080
0.373248,0.000000,-0.000080
0.373760,0.000000,-0.000080
0.374272,0.000000,-0.000090
0.374784,0.000000,-0.000090
0.375296,0.000000,-0.000090
0.375808,0.000000,-0.000085
0.376320,0.000000,-0.000085
0.376832,0.000000,-0.000085
0.377344,0.000000,-0.000085
0.377856,0.000000,-0.000085
0.378368,0.000000,-0.000085
0.378880,0.000000,-0.000080
0.379392,0.000000,-0.000075
0.379904,0.000000,-0.000075
0.380416,0.000000,-0.000075
0.380928,0.000000,-0.000075
0.381440,0.000000,-0.000070
0.381952,0.000000,-0.000070
0.382464,0.000000,-0.000055
0.382976,0.000000,-0.000055
0.383488,0.000000,-0.000060
0.384000,0.000000,-0.000060
0.384512,0.000000,-0.000055
0.385024,0.000000,-0.000045
0.385536,0.000000,-0.000040
0.386048,0.000000,-0.000040
0.386560,0.000000,-0.000040
0.387072,0.000000,-0.000040
0.387584,0.000000,-0.000035
0.388096,0.000000,-0.000035
0.388608,0.000000,-0.000025
0.389120,0.000000,-0.000015
0.389632,0.000000,-0.000015
0.390144,0.000000,-0.000015
0.390656,0.000000,-0.000015
0.391168,0.000000,-0.000010
0.391680,0.000000,-0.000005
0.392192,0.000000,0.000000
0.392704,0.000000,0.000000
0.393216,0.000000,0.000005
0.393728,0.000000,0.000005
0.394240,0.000000,0.000005
0.394752,0.000000,0.000005
0.395264,0.000000,0.000000
0.395776,0.000000,-0.000005
0.396288,0.000000,0.000000
0.396800,0.000000,0.000000
0.397312,0.000000,0.000000
0.397824,0.000000,0.000000
0.398336,0.000000,0.000000
0.398848,0.000000,-0.000005
0.399360,0.000000,-0.000010
0.399872,0.000000,-0.000015
0.400384,0.000000,-0.000015
0.400896,0.000000,-0.000015
0.401408,0.000000,-0.000015
0.401920,0.000000,-0.000020
0.402432,0.000000,-0.000025
0.402944,0.000000,-0.000030
0.403456,0.000000,-0.000030
0.403968,0.000000,-0.000030
0.404480,0.000000,-0.000035
0.404992,0.000000,-0.000035
0.405504,0.000000,-0.000035
0.406016,0.000000,-0.000040
0.406528,0.000000,-0.000040
0.407040,0.000000,-0.000045
0.407552,0.000000,-0.000045
0.408064,0.000000,-0.000050
0.408576,0.000000,-0.000050
0.409088,0.000000,-0.000050
0.409600,0.000000,-0.000050
0.410112,0.000000,-0.000050
0.410624,0.000000,-0.000055
0.411136,0.000000,-0.000060
